date,open,high,close,low,volume,price_change
3/29/2019,2.24,2.32,2.3,2.24,304493.59,0.05
3/28/2019,2.23,2.31,2.25,2.19,379679.12,-0.03
3/27/2019,2.38,2.41,2.28,2.28,500343.53,-0.12
3/26/2019,2.52,2.55,2.4,2.4,467379.56,-0.13
3/25/2019,2.49,2.58,2.53,2.46,333099.03,-0.03
3/22/2019,2.61,2.61,2.56,2.49,455756.19,-0.03
3/21/2019,2.52,2.63,2.59,2.51,430931.84,0.05
3/20/2019,2.54,2.58,2.54,2.48,662925.75,-0.07
3/19/2019,2.57,2.61,2.61,2.5,636512.06,0.12
3/18/2019,2.45,2.49,2.49,2.42,505545.72,0.12
3/15/2019,2.31,2.37,2.37,2.3,359158,0.07
3/14/2019,2.27,2.4,2.3,2.26,530182.5,0.01
3/13/2019,2.27,2.32,2.29,2.25,387890.62,0.03
3/12/2019,2.28,2.33,2.26,2.24,552029.38,-0.03
3/11/2019,2.18,2.29,2.29,2.18,413474.56,0.08
3/8/2019,2.3,2.4,2.21,2.21,820917.81,-0.12
3/7/2019,2.28,2.33,2.33,2.25,728073.12,0.11
3/6/2019,2.12,2.22,2.22,2.09,563957.81,0.11
3/5/2019,2.07,2.11,2.11,2.06,363712.16,0.02
3/4/2019,2.09,2.16,2.09,2,593525.69,0.03
3/1/2019,1.96,2.06,2.06,1.96,546312.62,0.1
2/28/2019,1.96,2,1.96,1.95,265020.97,-0.02
2/27/2019,1.94,2,1.98,1.93,418406.31,0.03
2/26/2019,1.9,1.99,1.95,1.87,591002.38,0.05
2/25/2019,1.84,1.91,1.9,1.84,432069.81,0.06
2/22/2019,1.81,1.85,1.84,1.79,188155.31,0.02
2/21/2019,1.84,1.87,1.82,1.82,291926.97,-0.03
2/20/2019,1.9,1.94,1.85,1.85,415970.31,-0.01
2/19/2019,1.88,1.9,1.86,1.84,337591.53,-0.02
2/18/2019,1.86,1.89,1.88,1.85,417366.31,0.02
2/15/2019,1.81,1.88,1.86,1.8,317826.16,0.04
2/14/2019,1.78,1.85,1.82,1.76,301433.75,0.04
2/13/2019,1.77,1.78,1.78,1.74,258346.52,0.02
2/12/2019,1.73,1.82,1.76,1.73,291658.91,0.03
2/11/2019,1.69,1.74,1.73,1.67,177820.92,0.05
2/1/2019,1.64,1.68,1.68,1.64,92026.8,0.04
1/31/2019,1.68,1.68,1.64,1.62,199729.59,-0.04
1/30/2019,1.69,1.71,1.68,1.67,210100.72,-0.02
1/29/2019,1.67,1.71,1.7,1.66,285654.81,0
1/28/2019,1.77,1.77,1.7,1.69,394853,0.01
1/25/2019,1.67,1.72,1.69,1.67,202579,0
1/24/2019,1.66,1.74,1.69,1.65,340037.47,0.01
1/23/2019,1.6,1.7,1.68,1.6,317227,0.06
1/22/2019,1.66,1.66,1.62,1.61,182763,-0.05
1/21/2019,1.64,1.68,1.67,1.63,204381.59,0.02
1/18/2019,1.74,1.74,1.65,1.64,532703.25,-0.05
1/17/2019,1.68,1.7,1.7,1.68,148705.58,0.08
1/16/2019,1.61,1.66,1.62,1.6,144996,0.01
1/15/2019,1.6,1.62,1.61,1.59,97656.71,0.01
1/14/2019,1.64,1.65,1.6,1.59,171601,-0.05
1/11/2019,1.63,1.66,1.65,1.62,144804.06,0.02
1/10/2019,1.61,1.66,1.63,1.6,147825,0.02
1/9/2019,1.62,1.65,1.61,1.61,236575.2,-0.03
1/8/2019,1.58,1.66,1.64,1.57,291280.53,0.06
1/7/2019,1.57,1.6,1.58,1.56,161588.98,0
1/4/2019,1.5,1.59,1.58,1.48,201205.77,0.07
1/3/2019,1.52,1.53,1.51,1.5,96519.8,-0.01
1/2/2019,1.54,1.54,1.52,1.51,160742,-0.01
12/28/2018,1.47,1.53,1.53,1.47,292629.81,0.07
12/27/2018,1.54,1.55,1.46,1.45,142818,-0.06
12/26/2018,1.51,1.55,1.52,1.5,160144,0.01
12/25/2018,1.56,1.57,1.51,1.5,304036,-0.07
12/24/2018,1.6,1.65,1.58,1.57,193607.09,-0.04
12/21/2018,1.6,1.63,1.62,1.57,287129.5,-0.01
12/20/2018,1.76,1.76,1.63,1.6,645614.38,-0.05
12/19/2018,1.68,1.68,1.68,1.68,111869.4,0.08
12/18/2018,1.57,1.63,1.6,1.56,292514.03,0.03
12/17/2018,1.54,1.58,1.57,1.52,164200,0.03
12/14/2018,1.55,1.6,1.54,1.54,155146,-0.02
12/13/2018,1.57,1.58,1.56,1.55,137195,0
12/12/2018,1.54,1.6,1.56,1.54,170782.23,0.02
12/11/2018,1.61,1.61,1.54,1.53,226717.5,-0.06
12/10/2018,1.59,1.65,1.6,1.57,245648,0
12/7/2018,1.55,1.63,1.6,1.55,263848,0.03
12/6/2018,1.54,1.63,1.57,1.5,475874.59,0.02
12/5/2018,1.45,1.55,1.55,1.44,382447.12,0.07
12/4/2018,1.47,1.48,1.48,1.45,152352.2,0.01
12/3/2018,1.45,1.48,1.47,1.43,246295,0.05
11/30/2018,1.41,1.42,1.42,1.36,212991.69,0.02
11/29/2018,1.48,1.49,1.4,1.4,218185,-0.07
11/28/2018,1.45,1.5,1.47,1.42,224472,0.02
11/27/2018,1.45,1.47,1.45,1.43,126347.59,0.01
11/26/2018,1.45,1.47,1.44,1.41,208599.64,-0.04
11/23/2018,1.57,1.57,1.48,1.48,398780,-0.08
11/22/2018,1.57,1.59,1.56,1.54,208709.16,0
11/21/2018,1.51,1.57,1.56,1.51,223172.95,0.03
11/20/2018,1.55,1.58,1.53,1.52,222705.56,-0.04
11/19/2018,1.58,1.58,1.57,1.52,338987.16,-0.03
11/16/2018,1.52,1.61,1.6,1.51,542558,0.07
11/15/2018,1.55,1.59,1.53,1.52,648399,-0.07
11/14/2018,1.68,1.7,1.6,1.58,818066,-0.02
11/13/2018,1.54,1.62,1.62,1.53,488052.75,0.08
11/12/2018,1.49,1.54,1.54,1.47,375101.16,0.07
11/9/2018,1.45,1.51,1.47,1.45,366826.69,-0.01
11/8/2018,1.43,1.49,1.48,1.43,513121.69,0.06
11/7/2018,1.4,1.43,1.42,1.39,182695.28,0.02
11/6/2018,1.41,1.42,1.4,1.37,187178.22,-0.02
11/5/2018,1.39,1.44,1.42,1.38,394661.75,0.05
11/2/2018,1.36,1.37,1.37,1.34,225773.08,0.02
11/1/2018,1.36,1.37,1.35,1.34,240204.8,-0.01
10/31/2018,1.36,1.41,1.36,1.35,222236.31,0
10/30/2018,1.32,1.37,1.36,1.32,193860.31,0.03
10/29/2018,1.3,1.35,1.33,1.28,229445.69,0.01
10/26/2018,1.28,1.33,1.32,1.28,248340.58,0.05
10/25/2018,1.25,1.28,1.27,1.23,148806.8,-0.02
10/24/2018,1.28,1.31,1.29,1.27,154285.19,0
10/23/2018,1.32,1.35,1.29,1.28,227423.16,0
10/22/2018,1.25,1.29,1.29,1.25,194442.36,0.06
10/19/2018,1.22,1.24,1.23,1.19,247809.14,-0.02
10/18/2018,1.3,1.31,1.25,1.25,182377.31,-0.07
10/17/2018,1.31,1.33,1.32,1.28,118093.91,0.01
10/16/2018,1.36,1.37,1.31,1.29,154842.31,-0.05
10/15/2018,1.4,1.4,1.36,1.35,112857,-0.04
10/12/2018,1.37,1.4,1.4,1.35,196071.62,-0.02
10/11/2018,1.46,1.46,1.42,1.42,146917.97,-0.07
10/10/2018,1.5,1.52,1.49,1.47,109698,-0.01
10/9/2018,1.49,1.51,1.5,1.49,70036.31,0.01
10/8/2018,1.51,1.52,1.49,1.49,135419.05,-0.04
9/28/2018,1.52,1.53,1.53,1.51,103245.09,0.02
9/27/2018,1.55,1.56,1.51,1.51,166139.84,-0.04
9/26/2018,1.54,1.56,1.55,1.54,90688,0
9/25/2018,1.55,1.56,1.55,1.54,68737.9,-0.01
9/21/2018,1.54,1.56,1.56,1.53,138666.34,0.02
9/20/2018,1.54,1.55,1.54,1.53,100639.9,0
9/19/2018,1.53,1.55,1.54,1.51,119441.4,0.02
9/18/2018,1.5,1.53,1.52,1.49,83679.4,0.01
9/17/2018,1.54,1.54,1.51,1.51,92922.01,-0.03
9/14/2018,1.55,1.56,1.54,1.53,87514,-0.01
9/13/2018,1.55,1.57,1.55,1.53,107521.49,-0.01
9/12/2018,1.55,1.56,1.56,1.54,74194,0.01
9/11/2018,1.55,1.56,1.55,1.53,87769,0
9/10/2018,1.57,1.57,1.55,1.54,124138,-0.02
9/7/2018,1.56,1.59,1.57,1.56,125146.17,0.01
9/6/2018,1.57,1.59,1.56,1.55,123436,-0.01
9/5/2018,1.58,1.63,1.57,1.57,166791,-0.02
9/4/2018,1.56,1.59,1.59,1.56,115680.01,0.03
9/3/2018,1.57,1.57,1.56,1.53,130904.59,-0.02
8/31/2018,1.61,1.62,1.58,1.54,207802.08,-0.04
8/30/2018,1.64,1.68,1.62,1.61,284085.56,-0.03
8/29/2018,1.59,1.66,1.65,1.58,245778.56,0.05
8/28/2018,1.58,1.64,1.6,1.57,216188.52,0.02
8/27/2018,1.56,1.59,1.58,1.56,136370,0.01
8/24/2018,1.54,1.58,1.57,1.53,158294.7,0.03
8/23/2018,1.55,1.57,1.54,1.53,134954.8,-0.01
8/22/2018,1.54,1.6,1.55,1.54,205755.84,0
8/21/2018,1.51,1.58,1.55,1.5,195847.05,0.04
8/20/2018,1.49,1.52,1.51,1.48,82515.75,0.02
8/17/2018,1.52,1.53,1.49,1.48,88277,-0.02
8/16/2018,1.51,1.53,1.51,1.49,90938,-0.01
8/15/2018,1.55,1.57,1.52,1.51,111196.84,-0.03
8/14/2018,1.52,1.57,1.55,1.51,141409.59,0.03
8/13/2018,1.5,1.53,1.52,1.49,113836.7,0
8/10/2018,1.51,1.53,1.52,1.51,93357.03,0.01
8/9/2018,1.49,1.53,1.51,1.48,113110.51,0.02
8/8/2018,1.5,1.51,1.49,1.48,88938,-0.01
8/7/2018,1.48,1.51,1.5,1.46,98314.5,0.03
8/6/2018,1.49,1.51,1.47,1.46,108061.32,-0.02
8/3/2018,1.48,1.51,1.49,1.48,94811.01,0
8/2/2018,1.54,1.54,1.49,1.46,191827.2,-0.05
8/1/2018,1.56,1.57,1.54,1.53,95803,-0.02
7/31/2018,1.54,1.58,1.56,1.53,104650.15,0.02
7/30/2018,1.59,1.6,1.54,1.53,217150.14,-0.07
7/27/2018,1.66,1.66,1.61,1.6,253238.48,-0.04
7/26/2018,1.57,1.65,1.65,1.56,343675.41,0.08
7/25/2018,1.55,1.59,1.57,1.54,202144.5,0.02
7/24/2018,1.52,1.56,1.55,1.52,175790.8,0.02
7/23/2018,1.53,1.53,1.53,1.51,105550,0
7/20/2018,1.51,1.54,1.53,1.5,102431.01,0.01
7/19/2018,1.55,1.56,1.52,1.52,100221.9,-0.03
7/18/2018,1.55,1.57,1.55,1.54,141325,0.01
7/17/2018,1.52,1.57,1.54,1.51,155252.84,0.01
7/16/2018,1.52,1.53,1.53,1.51,75200.3,0
7/13/2018,1.52,1.53,1.53,1.51,107343.5,0.01
7/12/2018,1.49,1.53,1.52,1.48,127188.88,0.03
7/11/2018,1.53,1.53,1.49,1.47,133736.5,-0.05
7/10/2018,1.53,1.55,1.54,1.52,117241.21,0
7/9/2018,1.51,1.54,1.54,1.49,149339,0.02
7/6/2018,1.51,1.54,1.52,1.48,217293.88,0.04
7/5/2018,1.54,1.55,1.48,1.48,115110.4,-0.06
7/4/2018,1.57,1.58,1.54,1.54,113275,-0.04
7/3/2018,1.56,1.58,1.58,1.54,133233,0.01
7/2/2018,1.6,1.6,1.57,1.55,151393,-0.03
6/29/2018,1.58,1.6,1.6,1.56,180822.56,0.02
6/28/2018,1.59,1.65,1.58,1.57,198487.08,-0.01
6/27/2018,1.57,1.63,1.59,1.55,223508.66,0.02
6/26/2018,1.54,1.6,1.57,1.5,184554.5,0
6/25/2018,1.56,1.63,1.57,1.53,234456.8,0.02
6/22/2018,1.52,1.57,1.55,1.48,226918.38,0
6/21/2018,1.48,1.55,1.55,1.47,354152.81,0.07
6/20/2018,1.49,1.5,1.48,1.46,233427.59,-0.06
6/19/2018,1.6,1.6,1.54,1.54,184881,-0.08
6/15/2018,1.69,1.7,1.62,1.61,198515,-0.07
6/14/2018,1.69,1.71,1.69,1.67,117853.09,-0.01
6/13/2018,1.73,1.74,1.7,1.7,154556.92,-0.04
6/12/2018,1.7,1.75,1.74,1.7,181730.3,0.03
6/11/2018,1.71,1.72,1.71,1.7,119536.64,-0.01
6/8/2018,1.77,1.77,1.72,1.69,242435.84,-0.05
6/7/2018,1.79,1.82,1.77,1.77,192584,-0.02
6/6/2018,1.77,1.81,1.79,1.76,173250.77,0.01
6/5/2018,1.76,1.78,1.78,1.74,223745.36,0.02
6/4/2018,1.82,1.82,1.76,1.74,251727,-0.05
6/1/2018,1.81,1.84,1.81,1.8,255446.64,0.01
5/31/2018,1.8,1.82,1.8,1.77,310339.16,0
5/30/2018,1.81,1.93,1.8,1.76,517930.97,-0.04
5/29/2018,1.89,1.92,1.84,1.83,443483.81,-0.09
5/28/2018,2.02,2.02,1.93,1.93,360604.69,-0.1
5/25/2018,2.09,2.09,2.03,2.02,263493,-0.06
5/24/2018,2.08,2.11,2.09,2.07,178943.23,0.01
5/23/2018,2.11,2.12,2.08,2.07,239773,-0.05
5/22/2018,2.12,2.15,2.13,2.12,179771.59,0
5/21/2018,2.1,2.16,2.13,2.09,299280.25,0.03
5/18/2018,2.09,2.13,2.1,2.06,241941.84,0.03
5/17/2018,2.09,2.12,2.07,2.07,207507.05,-0.01
5/16/2018,2.09,2.12,2.08,2.05,289287.62,-0.04
5/15/2018,2.06,2.15,2.12,2.01,569045.31,0.01
5/14/2018,2.21,2.22,2.11,2.11,518885,-0.11
5/11/2018,2.27,2.29,2.22,2.22,420855.75,-0.05
5/10/2018,2.3,2.3,2.27,2.26,306574.88,-0.04
5/9/2018,2.28,2.35,2.31,2.28,410763.38,0.03
5/8/2018,2.25,2.29,2.28,2.25,447403.81,-0.02
5/7/2018,2.23,2.35,2.3,2.23,1026646.31,-0.05
5/4/2018,2.35,2.35,2.35,2.35,39258,-0.12
5/3/2018,2.47,2.47,2.47,2.47,15673,-0.13
5/2/2018,2.6,2.6,2.6,2.6,19628,-0.14
4/27/2018,2.74,2.74,2.74,2.74,31152,-0.14
4/25/2018,2.88,2.95,2.88,2.86,582885.75,-0.1
4/24/2018,2.99,2.99,2.98,2.78,838717.62,-0.06
4/23/2018,3.35,3.36,3.04,3.03,1219926.25,-0.33
4/20/2018,3.13,3.37,3.37,3.06,1672707.62,0.31
4/19/2018,2.77,3.06,3.06,2.72,908053.69,0.28
4/18/2018,2.88,2.91,2.78,2.65,537036.5,-0.12
4/17/2018,2.88,2.91,2.9,2.82,470645.16,-0.04
4/16/2018,2.96,3.05,2.94,2.9,538639.06,-0.21
4/13/2018,3.21,3.24,3.15,3.14,323001,-0.05
4/12/2018,3.27,3.28,3.2,3.2,359080.09,-0.09
4/11/2018,3.31,3.35,3.29,3.22,506178.53,-0.03
4/10/2018,3.45,3.46,3.32,3.25,720983.62,-0.13
4/9/2018,3.5,3.52,3.45,3.41,743511.62,-0.14
4/4/2018,3.45,3.69,3.59,3.4,1220209.88,0.14
4/3/2018,3.43,3.54,3.45,3.36,581020.62,-0.01
4/2/2018,3.46,3.51,3.46,3.43,439414.41,0
3/30/2018,3.49,3.51,3.46,3.44,413154,-0.01
3/29/2018,3.49,3.55,3.47,3.42,469566.47,0.02
3/28/2018,3.55,3.6,3.45,3.43,690749.06,-0.17
3/27/2018,3.55,3.77,3.62,3.47,938868.38,0.06
3/26/2018,3.66,3.69,3.56,3.41,1190136.12,-0.23
3/23/2018,3.5,4,3.79,3.47,1757922.88,0.13
3/22/2018,3.68,3.76,3.66,3.59,552638.5,-0.07
3/21/2018,3.67,3.8,3.73,3.62,716469.5,0.06
3/20/2018,3.75,3.75,3.67,3.55,811214.75,-0.13
3/19/2018,3.9,3.91,3.8,3.78,675922,-0.1
3/16/2018,3.88,3.98,3.9,3.79,796647.38,0
3/15/2018,4.14,4.14,3.9,3.74,1495671,-0.26
3/14/2018,4.2,4.26,4.16,4.1,1774021.25,-0.24
3/13/2018,4.1,4.52,4.4,4.05,2879592,0.29
3/12/2018,4.04,4.23,4.11,4.02,1298368.88,0.05
3/9/2018,4.04,4.13,4.06,4.02,1011772.75,-0.03
3/8/2018,4.08,4.22,4.09,4.06,1256847.88,-0.1
3/7/2018,4.14,4.29,4.19,4.04,1549816.62,0
3/6/2018,4.13,4.26,4.19,4,1472477.75,0.04
3/5/2018,4.13,4.28,4.15,4.05,1440987.62,-0.05
3/2/2018,3.92,4.34,4.2,3.89,2090453.25,0.2
3/1/2018,3.8,4.12,4,3.8,1411134.5,0.08
2/28/2018,4,4.05,3.92,3.9,1613199.38,-0.25
2/27/2018,4.3,4.35,4.17,4,2322872.75,-0.15
2/26/2018,3.89,4.32,4.32,3.78,2971443.75,0.39
2/23/2018,3.81,4.05,3.93,3.76,2211891.25,-0.01
2/22/2018,4.02,4.16,3.94,3.72,2411317.75,-0.02
2/14/2018,4.37,4.4,3.96,3.92,1764051.5,-0.39
2/13/2018,4.6,4.6,4.35,4.23,2330052.25,0.17
2/12/2018,3.99,4.18,4.18,3.99,608895.62,0.38
2/9/2018,3.6,3.8,3.8,3.4,2423280.75,0.35
2/8/2018,3.45,3.45,3.45,3.45,203162.31,0.31
2/7/2018,3.03,3.14,3.14,2.95,530123.94,0.29
2/6/2018,2.62,2.85,2.85,2.56,599099.44,0.26
2/5/2018,2.35,2.59,2.59,2.32,448750.16,0.24
2/2/2018,2.45,2.46,2.35,2.24,296137.72,-0.13
2/1/2018,2.66,2.67,2.48,2.47,300977,-0.18
1/31/2018,2.78,2.79,2.66,2.58,385378.88,-0.14
1/30/2018,2.88,2.89,2.8,2.79,249276.5,-0.09
1/29/2018,2.93,2.95,2.89,2.87,206078.72,-0.04
1/26/2018,2.96,2.97,2.93,2.93,136361.86,-0.04
1/25/2018,2.93,2.98,2.97,2.91,247173.77,0.04
1/24/2018,2.93,2.94,2.93,2.89,174138.56,0
1/23/2018,2.94,2.95,2.93,2.92,153201.41,-0.01
1/22/2018,2.95,2.95,2.94,2.9,188384.66,-0.02
1/19/2018,2.95,2.98,2.96,2.94,141182.41,0
1/18/2018,2.95,2.99,2.96,2.94,153548.8,-0.01
1/17/2018,2.96,2.99,2.97,2.92,238815.14,-0.03
1/16/2018,2.93,3.09,3,2.93,545482.81,-0.22
1/15/2018,3.34,3.35,3.22,3.2,194559.95,-0.13
1/12/2018,3.34,3.37,3.35,3.33,131485.73,0
1/11/2018,3.33,3.37,3.35,3.29,171386.3,0.02
1/10/2018,3.38,3.39,3.33,3.3,217883.12,-0.06
1/9/2018,3.38,3.42,3.39,3.35,188129.86,0
1/8/2018,3.41,3.43,3.39,3.37,235903.48,-0.02
1/5/2018,3.49,3.49,3.41,3.4,378675.25,-0.09
1/4/2018,3.28,3.61,3.5,3.27,829767.19,0.22
1/3/2018,3.23,3.29,3.28,3.21,242144.05,0.05
1/2/2018,3.21,3.24,3.23,3.19,156222.39,0.02
12/29/2017,3.23,3.23,3.21,3.17,174496.88,-0.01
12/28/2017,3.21,3.25,3.22,3.18,166682.7,0.01
12/27/2017,3.23,3.25,3.21,3.2,157744.05,-0.04
12/26/2017,3.23,3.25,3.25,3.15,172962.44,0.02
12/25/2017,3.27,3.29,3.23,3.23,146159.86,-0.04
12/22/2017,3.27,3.28,3.27,3.25,97550.8,0.01
12/21/2017,3.31,3.31,3.26,3.21,180025.44,-0.04
12/20/2017,3.39,3.39,3.3,3.28,187777.73,-0.07
12/19/2017,3.36,3.4,3.37,3.35,106690.88,0
12/18/2017,3.42,3.43,3.37,3.35,149225.47,-0.07
12/15/2017,3.42,3.45,3.44,3.38,159803.56,0.02
12/14/2017,3.4,3.45,3.42,3.38,170784.48,0.04
12/13/2017,3.37,3.39,3.38,3.34,147853,-0.02
12/12/2017,3.44,3.5,3.4,3.4,226763,-0.02
12/11/2017,3.41,3.44,3.42,3.39,141140.41,0.02
12/8/2017,3.43,3.48,3.4,3.4,187013.69,-0.04
12/7/2017,3.34,3.48,3.44,3.34,280272.41,0.07
12/6/2017,3.29,3.37,3.37,3.24,232094.84,0.05
12/5/2017,3.47,3.53,3.32,3.21,346177.41,-0.19
12/4/2017,3.66,3.67,3.51,3.5,323855.38,-0.16
12/1/2017,3.64,3.68,3.67,3.6,173264.08,0.03
11/30/2017,3.68,3.7,3.64,3.63,169772.09,-0.06
11/29/2017,3.81,3.82,3.7,3.65,330871.41,-0.13
11/28/2017,3.79,3.83,3.83,3.77,141676.59,0
11/27/2017,3.85,3.9,3.83,3.81,176787.19,0
11/24/2017,3.81,3.85,3.83,3.78,212177.28,-0.03
11/23/2017,3.74,3.94,3.86,3.67,465513,0.13
11/22/2017,3.74,3.79,3.73,3.7,204710.59,-0.02
11/21/2017,3.72,3.8,3.75,3.69,256204.05,0.05
11/20/2017,3.73,3.74,3.7,3.58,321496.75,-0.06
11/17/2017,4.07,4.07,3.76,3.71,523479.53,-0.28
11/16/2017,4.02,4.06,4.04,3.97,232985.36,0.02
11/15/2017,4.08,4.08,4.02,4,276986.53,-0.06
11/14/2017,4.04,4.14,4.08,4.02,321822.09,0.01
11/13/2017,4.25,4.25,4.07,4.04,579233.5,-0.2
11/10/2017,4.33,4.35,4.27,4.26,293741.47,-0.08
11/9/2017,4.33,4.37,4.35,4.29,304490.22,-0.02
11/8/2017,4.32,4.41,4.37,4.29,387269.03,-0.01
11/7/2017,4.42,4.52,4.38,4.34,781574.56,-0.24
11/6/2017,4.62,4.62,4.62,4.62,120568,-0.51
10/20/2017,5.11,5.22,5.13,5.04,804943.19,-0.21
10/19/2017,5.71,5.75,5.34,5.34,1201121.62,-0.59
10/18/2017,5.97,5.99,5.93,5.52,911774.56,-0.02
10/17/2017,5.93,6.01,5.95,5.85,161968.31,0
10/16/2017,6.18,6.19,5.95,5.86,387243.88,-0.27
10/13/2017,6.28,6.33,6.22,6.17,213872.31,-0.06
10/12/2017,6.25,6.31,6.28,6.24,168816.72,0.03
10/11/2017,6.38,6.44,6.25,6.2,428211.28,-0.16
10/10/2017,6.85,6.85,6.41,6.21,533484.62,-0.49
10/9/2017,7.06,7.08,6.9,6.8,314275.91,-0.09
9/29/2017,6.95,7.07,6.99,6.87,229197.69,0.04
9/28/2017,7.07,7.07,6.95,6.93,159355.88,-0.08
9/27/2017,6.99,7.07,7.03,6.96,255871.12,0
9/26/2017,6.8,7.03,7.03,6.74,334381.41,0.23
9/25/2017,6.95,6.95,6.8,6.79,182616.3,-0.18
9/22/2017,6.99,7,6.98,6.73,324893.16,0.05
9/21/2017,6.95,7.08,6.93,6.9,218842.19,-0.05
9/20/2017,7.17,7.19,6.98,6.85,505345.97,-0.2
9/19/2017,7.32,7.34,7.18,7.14,357552,-0.13
9/18/2017,7.32,7.42,7.31,7.19,505144.44,0.02
9/15/2017,7.12,7.31,7.29,7.09,415395.44,0.18
9/14/2017,7.17,7.18,7.11,7.06,226816.84,-0.04
9/13/2017,7.06,7.2,7.15,7.06,147167.3,0.1
9/12/2017,6.92,7.11,7.05,6.92,190183.28,0.11
9/11/2017,6.96,6.96,6.94,6.9,103184.98,0
9/8/2017,6.96,7.01,6.94,6.89,107739.1,-0.03
9/7/2017,6.9,7.05,6.97,6.86,110750.82,0.07
9/6/2017,6.91,6.99,6.9,6.86,63264.79,0.01
9/5/2017,6.93,6.99,6.89,6.88,67048.73,-0.06
9/4/2017,7.04,7.04,6.95,6.79,167653.52,-0.09
9/1/2017,7.06,7.08,7.04,7,80026.8,-0.01
8/31/2017,7.09,7.09,7.05,7.01,70709.3,-0.07
8/30/2017,7.09,7.13,7.12,7.03,86037.01,0.03
8/29/2017,7.13,7.16,7.09,7.07,119292.11,0.02
8/28/2017,7.13,7.13,7.07,7.04,85865.54,-0.07
8/25/2017,7.18,7.18,7.14,7.1,71326.94,-0.01
8/24/2017,7.2,7.22,7.15,7.14,44767.8,-0.06
8/23/2017,7.23,7.29,7.21,7.13,69948.71,-0.02
8/22/2017,7.36,7.37,7.23,7.23,75446,-0.14
8/21/2017,7.38,7.48,7.37,7.31,81711.22,0.01
8/18/2017,7.35,7.43,7.36,7.32,57852.57,-0.03
8/17/2017,7.19,7.4,7.39,7.19,132752.64,0.2
8/16/2017,7.16,7.24,7.19,7.11,59949.01,0.07
8/15/2017,7.1,7.18,7.12,7.08,57956.75,0.04
8/14/2017,7.05,7.14,7.08,7.02,68866,-0.02
8/11/2017,7.12,7.16,7.1,7.04,82185,-0.07
8/10/2017,7.15,7.2,7.17,7.05,124503.59,-0.02
8/9/2017,7.13,7.21,7.19,7.09,70239.4,0.06
8/8/2017,7.12,7.17,7.13,7.09,67829.07,0
8/7/2017,7.05,7.15,7.13,7.05,60838.4,0.01
8/4/2017,7,7.13,7.12,6.99,126526.97,0.11
8/3/2017,6.8,7.01,7.01,6.8,94112.55,0.16
8/2/2017,6.91,6.91,6.85,6.75,129444.03,-0.05
8/1/2017,7.05,7.08,6.9,6.66,226633.59,-0.14
7/31/2017,7.17,7.17,7.04,7,131931.83,-0.12
7/28/2017,7.18,7.32,7.16,7.11,191131.23,0.06
7/27/2017,7.15,7.15,7.1,7.06,153017.16,-0.03
7/26/2017,7.13,7.25,7.13,7.06,177438.06,0.01
7/25/2017,7.22,7.23,7.12,7.11,111941.49,-0.1
7/24/2017,7.3,7.35,7.22,7.14,79413.54,-0.08
7/21/2017,7.26,7.34,7.3,7.22,74158.76,0.04
7/20/2017,7.19,7.27,7.26,7.12,77988,0.07
7/19/2017,7.18,7.25,7.19,7.07,118058.86,0.03
7/18/2017,7.21,7.29,7.16,7.1,173773.16,-0.17
7/17/2017,7.34,7.51,7.33,7.1,213796.44,-0.02
7/14/2017,7.19,7.36,7.35,7.12,113356.42,0.01
7/13/2017,7.4,7.4,7.34,7.28,79446.31,-0.06
7/12/2017,7.32,7.41,7.4,7.07,221925.98,0
7/11/2017,7.58,7.61,7.4,7.36,201166.81,-0.2
7/10/2017,7.53,7.63,7.6,7.51,97966.93,0.06
7/7/2017,7.4,7.59,7.54,7.4,111665.24,0.09
7/6/2017,7.46,7.48,7.45,7.39,64368.81,-0.01
7/5/2017,7.41,7.47,7.46,7.4,65716.04,0.06
7/4/2017,7.51,7.53,7.4,7.4,68268.34,-0.12
7/3/2017,7.44,7.52,7.52,7.41,56577.45,0.08
6/30/2017,7.45,7.51,7.44,7.35,81267.37,0
6/29/2017,7.46,7.54,7.44,7.39,89021.79,-0.05
6/28/2017,7.5,7.52,7.49,7.43,54073.7,-0.01
6/27/2017,7.44,7.55,7.5,7.44,70052.81,0.02
6/26/2017,7.39,7.49,7.48,7.34,89872.66,0.09
6/23/2017,7.28,7.41,7.39,7.27,99138.41,0.09
6/22/2017,7.35,7.6,7.3,7.28,186330.91,-0.06
6/21/2017,7.32,7.36,7.36,7.22,99672.01,0.1
6/20/2017,7.36,7.37,7.26,7.25,127504.01,-0.07
6/19/2017,7.33,7.4,7.33,7.3,98281.78,0
6/16/2017,7.41,7.46,7.33,7.29,139206.95,-0.08
6/15/2017,7.34,7.45,7.41,7.34,123674.81,0.02
6/14/2017,7.41,7.45,7.39,7.27,95505.46,0.02
6/13/2017,7.4,7.54,7.37,7.32,113478.37,0.02
6/12/2017,7.49,7.65,7.35,7.34,122345.74,-0.15
6/9/2017,7.37,7.54,7.5,7.37,131939.09,0.1
6/8/2017,7.57,7.77,7.4,7.32,228147.31,-0.17
6/7/2017,7.54,7.62,7.57,7.43,147471.66,-0.02
6/6/2017,7.29,7.68,7.59,7.25,244446.05,0.27
6/5/2017,7.1,7.38,7.32,7.1,180460.59,0.26
6/2/2017,7,7.07,7.06,6.93,94988.75,0.06
6/1/2017,7.15,7.17,7,6.92,154595.7,-0.15
5/31/2017,7.13,7.23,7.15,7.1,152879.2,0.03
5/26/2017,6.92,7.17,7.12,6.92,214972.44,0.14
5/25/2017,6.9,7.02,6.98,6.87,206803,0.09
5/24/2017,6.76,6.9,6.89,6.75,153152.53,0.06
5/23/2017,6.84,6.93,6.83,6.65,164164.16,0.01
5/22/2017,6.63,6.95,6.82,6.63,169675.81,0.15
5/19/2017,6.6,6.71,6.67,6.56,93797.09,0.06
5/18/2017,6.74,6.74,6.61,6.6,73498.34,-0.1
5/17/2017,6.26,6.9,6.71,6.26,231812.72,0.42
5/16/2017,6.27,6.3,6.29,6.23,108810.36,0.02
5/15/2017,6.25,6.29,6.27,6.23,77952.47,0.04
5/12/2017,6.23,6.27,6.23,6.2,40606.25,0
5/11/2017,6.22,6.27,6.23,6.17,73348.78,-0.03
5/10/2017,6.3,6.31,6.26,6.22,82119,-0.04
5/9/2017,6.26,6.3,6.3,6.18,77123.2,0.01
5/8/2017,6.28,6.35,6.29,6.16,133285.5,-0.01
5/5/2017,6.26,6.38,6.3,6.15,145816.16,0
5/4/2017,5.97,6.32,6.3,5.92,269766.38,0.15
5/3/2017,5.85,6.19,6.15,5.85,672766.81,-0.35
5/2/2017,6.55,6.59,6.5,6.44,106403.03,-0.05
4/28/2017,6.4,6.58,6.55,6.4,91191.83,0.11
4/27/2017,6.35,6.49,6.44,6.23,92935.49,0.1
4/26/2017,6.28,6.41,6.34,6.27,50704.85,0.05
4/25/2017,6.15,6.35,6.29,6.11,89603.5,0.07
4/24/2017,6.49,6.51,6.22,6.18,206844,-0.3
4/21/2017,6.51,6.6,6.52,6.39,126801.46,0.01
4/20/2017,6.89,6.95,6.51,6.3,233456.36,-0.42
4/19/2017,6.88,6.95,6.93,6.67,119056.15,0.03
4/18/2017,7,7.04,6.9,6.87,133045.45,-0.09
4/17/2017,7.01,7.13,6.99,6.96,121283.52,-0.04
4/14/2017,7.06,7.13,7.03,6.95,130101.4,-0.02
4/13/2017,7.22,7.23,7.05,7.01,188598.59,-0.18
4/12/2017,7.18,7.27,7.23,7.16,186488.77,0.01
4/11/2017,7.07,7.25,7.22,7.03,226401.06,0.15
4/10/2017,6.94,7.08,7.07,6.9,169565,0.1
4/7/2017,7,7.05,6.97,6.95,171045,-0.03
4/6/2017,6.92,7.04,7,6.89,267234.31,0.06
4/5/2017,6.79,6.99,6.94,6.79,191464.58,0.13
3/31/2017,6.71,6.84,6.81,6.7,154424.05,0.11
3/30/2017,6.71,6.84,6.7,6.67,183453.05,-0.03
3/29/2017,6.75,6.81,6.73,6.66,98177.12,-0.04
3/28/2017,6.73,6.8,6.77,6.72,56157.47,0.02
3/27/2017,6.77,6.8,6.75,6.69,100508.26,-0.03
3/24/2017,6.79,6.82,6.78,6.74,102455.14,-0.02
3/23/2017,6.9,6.95,6.8,6.77,148541.19,-0.11
3/22/2017,6.81,6.91,6.91,6.75,177490.59,0.07
3/21/2017,6.85,6.88,6.84,6.74,217623.88,-0.05
3/20/2017,6.9,7.05,6.89,6.84,258404.23,-0.02
3/17/2017,6.76,6.96,6.91,6.76,297858.75,0.13
3/16/2017,6.7,6.85,6.78,6.7,178889.77,0.08
3/15/2017,6.72,6.74,6.7,6.65,119868.7,-0.02
3/14/2017,6.67,6.72,6.72,6.64,237349.48,0.06
3/13/2017,6.65,6.67,6.66,6.57,126691.75,0.01
3/10/2017,6.59,6.65,6.65,6.59,104047.8,0.03
3/9/2017,6.58,6.68,6.62,6.54,159638.2,0.02
3/8/2017,6.63,6.63,6.6,6.56,104725.19,-0.04
3/7/2017,6.65,6.67,6.64,6.61,117009.81,0.01
3/6/2017,6.53,6.63,6.63,6.51,140904.19,0.09
3/3/2017,6.5,6.56,6.54,6.48,93119.91,0.04
3/2/2017,6.52,6.56,6.5,6.47,127143.55,-0.02
3/1/2017,6.54,6.61,6.52,6.51,113410.36,-0.04
2/28/2017,6.49,6.56,6.56,6.47,108855.29,0.07
2/27/2017,6.63,6.64,6.49,6.49,143445.58,-0.13
2/24/2017,6.6,6.65,6.62,6.55,178509.2,-0.03
2/23/2017,6.5,6.73,6.65,6.48,348516.81,0.14
2/22/2017,6.52,6.54,6.51,6.47,143898.31,0
2/21/2017,6.53,6.57,6.51,6.47,114033.01,-0.04
2/20/2017,6.4,6.55,6.55,6.39,100681.58,0.09
2/17/2017,6.56,6.62,6.46,6.4,207620.2,-0.13
2/16/2017,6.48,6.61,6.59,6.37,273388.03,0.11
2/15/2017,6.55,6.64,6.48,6.48,182424.78,-0.09
2/14/2017,6.5,6.59,6.57,6.46,224735.94,0.07
2/13/2017,6.52,6.6,6.5,6.47,152950.34,-0.02
2/10/2017,6.48,6.54,6.52,6.45,164812.92,0.03
2/9/2017,6.46,6.58,6.49,6.44,258827.16,-0.01
2/8/2017,6.42,6.54,6.5,6.33,285204.72,0.08
2/7/2017,6.36,6.42,6.42,6.35,142115.3,0.04
2/6/2017,6.35,6.44,6.38,6.34,157375.91,0.09
2/3/2017,6.34,6.35,6.29,6.27,44687.45,-0.05
2/2/2017,6.4,6.5,6.4,6.34,55,0.06
1/26/2017,6.3,6.38,6.34,6.3,78701.26,0.03
1/25/2017,6.33,6.36,6.31,6.3,97619,-0.03
1/24/2017,6.35,6.39,6.34,6.32,111549.68,-0.02
1/23/2017,6.29,6.49,6.36,6.28,198413.95,0.05
1/20/2017,6.22,6.42,6.31,6.22,146064.41,0.02
1/19/2017,6.24,6.4,6.29,6.21,270164.81,0
1/18/2017,6.18,6.44,6.29,6.14,351885.69,0.09
1/17/2017,5.95,6.32,6.2,5.84,411128.81,0.25
1/16/2017,6.27,6.29,5.95,5.66,295569.72,-0.34
1/13/2017,6.29,6.7,6.29,6.25,397195.25,0.04
1/12/2017,6.28,6.32,6.25,6.25,130942.88,-0.04
1/11/2017,6.33,6.39,6.29,6.24,189688.36,-0.04
1/10/2017,6.44,6.45,6.33,6.32,143530.41,-0.1
1/9/2017,6.39,6.44,6.43,6.36,89291.82,0.03
1/6/2017,6.45,6.47,6.4,6.38,161038.7,-0.09
1/5/2017,6.45,6.65,6.49,6.43,270198.12,0.04
1/4/2017,6.47,6.53,6.45,6.44,203128,-0.04
1/3/2017,6.38,6.55,6.49,6.35,188214.48,0.13
12/30/2016,6.27,6.38,6.36,6.26,168423.2,0.09
12/29/2016,6.3,6.38,6.27,6.24,146211.34,-0.06
12/28/2016,6.22,6.41,6.33,6.21,189805.3,0.09
12/27/2016,6.3,6.31,6.24,6.22,138804.84,-0.03
12/26/2016,6.38,6.38,6.27,6.15,271871.88,-0.11
12/23/2016,6.39,6.42,6.38,6.29,205229.22,-0.01
12/22/2016,6.43,6.44,6.39,6.3,218056.19,-0.07
12/21/2016,6.48,6.61,6.46,6.41,318457.5,0.03
12/20/2016,6.47,6.48,6.43,6.36,261457.59,-0.05
12/19/2016,6.29,6.57,6.48,6.24,437542.81,0.18
12/16/2016,6.16,6.36,6.3,6.12,348919.75,0.15
12/15/2016,6,6.26,6.15,5.95,242854.77,0.12
12/14/2016,6.09,6.13,6.03,6,194239.69,-0.03
12/13/2016,6.1,6.15,6.06,5.93,278460.72,0
12/12/2016,6.18,6.35,6.06,6.05,420133.59,-0.11
12/9/2016,6.2,6.21,6.17,6.12,298797.56,-0.04
12/8/2016,6.32,6.33,6.21,6.18,240565.12,-0.09
12/7/2016,6.24,6.33,6.3,6.23,221647.52,0.07
12/6/2016,6.21,6.33,6.23,6.2,300297.72,0.03
12/5/2016,6.46,6.5,6.2,6.1,676108.19,-0.42
12/2/2016,6.71,6.74,6.62,6.58,275355.84,-0.13
12/1/2016,6.65,6.89,6.75,6.6,347563.19,0.07
11/30/2016,6.68,6.74,6.68,6.47,500966.28,-0.04
11/29/2016,6.5,6.82,6.72,6.46,785212.06,0.22
11/28/2016,6.23,6.64,6.5,6.18,777980.75,0.29
11/25/2016,6.21,6.24,6.21,6.02,281390.88,0.02
11/24/2016,6.14,6.23,6.19,6.14,294385.62,0.06
11/23/2016,6.13,6.29,6.13,6.1,420350.28,0.01
11/22/2016,6.06,6.15,6.12,6.05,182058.36,0.07
11/21/2016,6,6.11,6.05,6,161603.22,0.03
11/18/2016,6.12,6.14,6.02,6.02,154100.98,-0.11
11/17/2016,6.1,6.14,6.13,6.03,190436.41,0.01
11/16/2016,6.08,6.14,6.12,6.06,214398.44,0.04
11/15/2016,6.06,6.11,6.08,6.02,218045.91,0
11/14/2016,6.08,6.12,6.08,6.05,391512.91,-0.03
11/11/2016,6.01,6.14,6.11,5.97,403154.03,0.09
11/10/2016,5.98,6.04,6.02,5.94,374223.16,0.08
11/9/2016,6,6.02,5.94,5.83,382730.38,-0.06
11/8/2016,5.9,6.04,6,5.86,497148.88,0.12
11/7/2016,5.81,5.92,5.88,5.78,282744.03,0.07
11/4/2016,5.75,5.85,5.81,5.73,333315.47,0.07
11/3/2016,5.66,5.79,5.74,5.65,231912.92,0.06
11/2/2016,5.73,5.75,5.68,5.65,245169.86,-0.08
10/28/2016,5.88,5.89,5.71,5.7,364784.66,-0.17
10/27/2016,5.86,5.9,5.88,5.83,181618.66,0
10/26/2016,5.9,6,5.88,5.84,359634.91,-0.03
10/25/2016,5.93,5.95,5.91,5.89,383380.69,-0.04
10/24/2016,5.9,5.98,5.95,5.88,779081.62,-0.07
10/21/2016,5.75,6.24,6.02,5.75,1436579,0.35
10/20/2016,5.64,5.69,5.67,5.63,131449.69,0.02
10/19/2016,5.68,5.7,5.65,5.62,142675.41,-0.03
10/18/2016,5.63,5.69,5.68,5.59,141631.02,0.07
10/17/2016,5.68,5.69,5.61,5.6,115886.34,-0.06
2016-10-14 00:00:00,5.66,5.68,5.67,5.6,14202814,80229009
2016-10-13 00:00:00,5.65,5.68,5.65,5.63,12066151,68185477
2016-10-12 00:00:00,5.6,5.68,5.67,5.58,16999834,96054077
2016-10-11 00:00:00,5.6,5.64,5.62,5.59,14300487,80279476
2016-10-10 00:00:00,5.52,5.61,5.59,5.51,15510340,86239305
2016-09-30 00:00:00,5.49,5.52,5.49,5.47,11242376,61739980
2016-09-29 00:00:00,5.5,5.53,5.5,5.49,8073198,44453757
2016-09-28 00:00:00,5.53,5.53,5.49,5.47,7687140,42245820
2016-09-27 00:00:00,5.53,5.54,5.52,5.45,12397045,68117821
2016-09-26 00:00:00,5.62,5.63,5.52,5.5,13494078,75029247
2016-09-23 00:00:00,5.66,5.67,5.63,5.62,6530021,36825618
2016-09-22 00:00:00,5.65,5.67,5.65,5.63,11643583,65839902
2016-09-21 00:00:00,5.63,5.65,5.62,5.6,12288216,69114705
2016-09-20 00:00:00,5.64,5.65,5.63,5.61,6277830,35335949
2016-09-19 00:00:00,5.6,5.67,5.64,5.6,8931930,50303627
2016-09-14 00:00:00,5.61,5.64,5.59,5.57,9884818,55347467
2016-09-13 00:00:00,5.65,5.65,5.63,5.6,10607330,59630704
2016-09-12 00:00:00,5.7,5.72,5.61,5.61,17213842,97480721
2016-09-09 00:00:00,5.8,5.83,5.77,5.77,15391605,89348993
2016-09-08 00:00:00,5.78,5.83,5.81,5.77,14054224,81472364
2016-09-07 00:00:00,5.78,5.84,5.78,5.76,17715549,102670504
2016-09-06 00:00:00,5.74,5.79,5.79,5.66,16839351,96463623
2016-09-05 00:00:00,5.76,5.77,5.75,5.72,9538083,54818345
2016-09-02 00:00:00,5.72,5.75,5.73,5.69,8150697,46678914
2016-09-01 00:00:00,5.77,5.77,5.72,5.71,11059808,63503679
2016-08-31 00:00:00,5.78,5.8,5.76,5.74,10327797,59503745
2016-08-30 00:00:00,5.77,5.81,5.79,5.73,12000233,69305721
2016-08-29 00:00:00,5.75,5.77,5.76,5.72,8411669,48364620
2016-08-26 00:00:00,5.71,5.79,5.75,5.7,11197446,64454228
2016-08-25 00:00:00,5.78,5.78,5.71,5.65,13196936,75207798
2016-08-24 00:00:00,5.77,5.8,5.79,5.76,9623921,55692546
2016-08-23 00:00:00,5.75,5.8,5.77,5.73,8817090,50883543
2016-08-22 00:00:00,5.83,5.85,5.75,5.74,12851587,74369042
2016-08-19 00:00:00,5.85,5.87,5.84,5.8,10970803,63985387
2016-08-18 00:00:00,5.83,5.88,5.86,5.83,14695754,86033807
2016-08-17 00:00:00,5.83,5.87,5.84,5.81,12915861,75401017
2016-08-16 00:00:00,5.83,5.89,5.87,5.81,18383938,107509021
2016-08-15 00:00:00,5.74,5.85,5.83,5.72,23836428,138332562
2016-08-12 00:00:00,5.66,5.75,5.74,5.66,8925232,50878658
2016-08-11 00:00:00,5.76,5.77,5.69,5.66,10339353,59114921
2016-08-10 00:00:00,5.75,5.81,5.76,5.72,15442970,88974735
2016-08-09 00:00:00,5.71,5.76,5.74,5.7,13102788,75169942
2016-08-08 00:00:00,5.65,5.71,5.71,5.6,13126402,74367709
2016-08-05 00:00:00,5.68,5.69,5.66,5.64,9471942,53624989
2016-08-04 00:00:00,5.67,5.69,5.68,5.63,8519876,48251057
2016-08-03 00:00:00,5.67,5.7,5.67,5.64,10186857,57737943
2016-08-02 00:00:00,5.65,5.68,5.68,5.63,5882949,33280829
2016-08-01 00:00:00,5.73,5.73,5.63,5.59,12554456,70780960
2016-07-29 00:00:00,5.8,5.81,5.74,5.7,11303938,64949672
2016-07-28 00:00:00,5.8,5.86,5.8,5.69,20392105,117566877
2016-07-27 00:00:00,6.12,6.12,5.8,5.78,33525127,198840469
2016-07-26 00:00:00,6.06,6.13,6.12,6.04,17630324,107521890
2016-07-25 00:00:00,6.05,6.08,6.05,6.03,11032902,66776770
2016-07-22 00:00:00,6.06,6.1,6.06,6.03,15500019,94010467
2016-07-21 00:00:00,6.08,6.14,6.07,6.06,19619904,119471559
2016-07-20 00:00:00,6.1,6.13,6.07,6.06,13893556,84512135
2016-07-19 00:00:00,6.07,6.12,6.11,6.02,17645561,107075191
2016-07-18 00:00:00,6.11,6.16,6.08,6.06,16012124,97642240
2016-07-15 00:00:00,6.15,6.17,6.11,6.1,20365595,124769456
2016-07-14 00:00:00,6.15,6.17,6.14,6.1,18433093,113054346
2016-07-13 00:00:00,6.18,6.19,6.17,6.12,25572603,157484081
2016-07-12 00:00:00,6.08,6.19,6.16,6.01,26404970,160972962
2016-07-11 00:00:00,6.1,6.16,6.08,6.07,23666070,144691416
2016-07-08 00:00:00,6.24,6.26,6.1,6.08,39609087,243640983
2016-07-07 00:00:00,5.98,6.37,6.21,5.95,75975826,468981787
2016-07-06 00:00:00,6.01,6.02,6,5.95,19526910,116837196
2016-07-05 00:00:00,5.95,6.03,6.01,5.94,27114880,162482819
2016-07-04 00:00:00,5.85,5.99,5.96,5.83,26524947,157578055
2016-07-01 00:00:00,5.93,5.95,5.87,5.85,17028795,100213473
2016-06-30 00:00:00,5.95,5.97,5.91,5.86,16164040,95351329
2016-06-29 00:00:00,5.93,5.96,5.94,5.89,18746485,110997469
2016-06-28 00:00:00,5.92,5.95,5.93,5.8,23987329,141198112
2016-06-27 00:00:00,5.85,5.95,5.95,5.79,20219427,119424640
2016-06-24 00:00:00,6.04,6.04,5.88,5.81,30232480,179028482
2016-06-23 00:00:00,5.89,6.08,6.06,5.85,44123028,264441625
2016-06-22 00:00:00,5.82,5.92,5.89,5.8,17123092,100340586
2016-06-21 00:00:00,5.79,6.02,5.84,5.78,44589348,263650256
2016-06-20 00:00:00,5.79,5.81,5.75,5.7,12518251,71961452
2016-06-17 00:00:00,5.78,5.85,5.8,5.77,16466532,95856855
2016-06-16 00:00:00,5.92,5.93,5.78,5.76,19330880,113349532
2016-06-15 00:00:00,5.58,5.91,5.85,5.56,30316365,176462369
2016-06-14 00:00:00,5.64,5.69,5.62,5.58,13333742,75122348
2016-06-13 00:00:00,5.69,5.89,5.64,5.64,30381276,175690140
2016-06-08 00:00:00,5.83,5.83,5.77,5.75,12322262,71360596
2016-06-07 00:00:00,5.82,5.86,5.81,5.78,15494155,90076516
2016-06-06 00:00:00,5.92,5.92,5.83,5.81,15108816,88792389
2016-06-03 00:00:00,5.85,5.92,5.89,5.84,18666175,109985373
2016-06-02 00:00:00,5.84,5.88,5.87,5.8,17715150,103730820
2016-06-01 00:00:00,5.84,5.94,5.84,5.81,24277104,142839779
2016-05-31 00:00:00,5.65,5.85,5.84,5.65,23925262,138653138
2016-05-30 00:00:00,5.68,5.72,5.65,5.61,9830662,55791896
2016-05-27 00:00:00,5.69,5.74,5.72,5.63,16030191,91209510
2016-05-26 00:00:00,5.69,5.72,5.68,5.59,12477975,70431272
2016-05-25 00:00:00,5.73,5.77,5.69,5.66,9428213,54015927
2016-05-24 00:00:00,5.8,5.8,5.69,5.65,14385958,82598879
2016-05-23 00:00:00,5.77,5.8,5.77,5.74,13185871,76266233
2016-05-20 00:00:00,5.7,5.78,5.76,5.69,15253174,87721918
2016-05-19 00:00:00,5.63,5.71,5.68,5.59,14883108,84482407
2016-05-18 00:00:00,5.79,5.82,5.62,5.57,17937761,102139521
2016-05-17 00:00:00,5.87,5.92,5.82,5.79,12452364,72844023
2016-05-16 00:00:00,5.78,5.88,5.87,5.77,11474640,66913211
2016-05-13 00:00:00,5.85,5.9,5.79,5.77,12724532,74380521
2016-05-12 00:00:00,5.84,5.86,5.84,5.72,17767239,103157658
2016-05-11 00:00:00,6.06,6.09,5.93,5.91,19508802,117019008
2016-05-10 00:00:00,6.03,6.1,6.05,5.99,27652114,167912528
2016-05-09 00:00:00,5.93,6.1,5.97,5.62,44027632,258846672
2016-05-06 00:00:00,6.16,6.19,5.94,5.93,28487192,172362736
2016-05-05 00:00:00,6.13,6.19,6.17,6.09,18249476,112275792
2016-05-04 00:00:00,6.14,6.18,6.15,6.09,19794160,121602232
2016-05-03 00:00:00,6.01,6.14,6.14,5.98,20662704,125914616
2016-04-29 00:00:00,6.01,6.04,5.99,5.97,13540351,81516504
2016-04-28 00:00:00,6.1,6.12,6.05,5.98,16571904,100219176
2016-04-27 00:00:00,6.13,6.14,6.09,6.07,16550039,101003928
2016-04-26 00:00:00,6,6.17,6.13,6,18084396,110428144
2016-04-25 00:00:00,6.08,6.08,6,5.95,15403631,92468864
2016-04-22 00:00:00,5.99,6.08,6.08,5.96,15524027,93919640
2016-04-21 00:00:00,6.09,6.14,6.02,6.02,23787164,144851232
2016-04-20 00:00:00,6.51,6.53,6.07,6,45843464,285014720
2016-04-19 00:00:00,6.54,6.56,6.49,6.42,20171582,131047048
2016-04-18 00:00:00,6.61,6.61,6.48,6.43,31145234,202459856
2016-04-15 00:00:00,6.74,6.75,6.65,6.61,30947000,206243888
2016-04-14 00:00:00,6.67,6.74,6.73,6.61,32003630,213926464
2016-04-13 00:00:00,6.61,6.79,6.64,6.59,43537984,292061440
2016-04-12 00:00:00,6.73,6.75,6.57,6.49,35522244,233953344
2016-04-11 00:00:00,6.76,6.84,6.73,6.69,57839432,391754080
2016-04-08 00:00:00,6.63,6.92,6.73,6.54,49131464,330173344
2016-04-07 00:00:00,6.86,6.93,6.67,6.66,59088348,403728576
2016-04-06 00:00:00,6.65,6.98,6.91,6.59,92066488,631085056
2016-04-05 00:00:00,6.48,6.67,6.65,6.46,36071812,238225984
2016-04-01 00:00:00,6.5,6.54,6.46,6.36,26698518,171975536
2016-03-31 00:00:00,6.55,6.63,6.54,6.52,29768392,195747200
2016-03-30 00:00:00,6.42,6.54,6.54,6.39,33219190,215528368
2016-03-29 00:00:00,6.52,6.58,6.35,6.29,33245304,214398112
2016-03-28 00:00:00,6.69,6.77,6.54,6.48,37941196,252031056
2016-03-25 00:00:00,6.55,6.71,6.68,6.49,34306784,225880080
2016-03-24 00:00:00,6.75,6.84,6.53,6.52,48354588,324902720
2016-03-23 00:00:00,6.71,6.84,6.75,6.7,36283920,245604832
2016-03-22 00:00:00,6.88,6.99,6.78,6.75,63576788,436764096
2016-03-21 00:00:00,6.9,6.96,6.92,6.78,74239320,510973248
2016-03-18 00:00:00,6.79,7.07,6.91,6.71,121224672,837733568
2016-03-17 00:00:00,6.65,6.96,6.83,6.61,79981632,542894848
2016-03-16 00:00:00,6.44,6.87,6.74,6.27,80028912,523648864
2016-03-15 00:00:00,6.14,6.53,6.48,6.08,60882440,386792832
2016-03-14 00:00:00,6.05,6.23,6.13,6.04,23137564,142287520
2016-03-11 00:00:00,5.85,6.01,5.94,5.85,11635322,69180368
2016-03-10 00:00:00,6.05,6.13,5.98,5.97,19483188,117662840
2016-03-09 00:00:00,6.07,6.17,6.02,5.99,17593112,106858656
2016-03-08 00:00:00,6.26,6.26,6.2,5.95,24027052,146602368
2016-03-07 00:00:00,6.21,6.35,6.26,6.19,23158616,145304560
2016-03-04 00:00:00,6.47,6.5,6.14,6.05,35035876,219962864
2016-03-03 00:00:00,6.43,6.69,6.49,6.38,39588160,258924480
2016-03-02 00:00:00,6.11,6.42,6.41,6.09,32634776,205023200
2016-03-01 00:00:00,5.98,6.19,6.1,5.92,20021848,121208368
2016-02-29 00:00:00,6.27,6.27,5.94,5.65,30002604,178120704
2016-02-26 00:00:00,6.14,6.4,6.27,6.08,35183404,219225536
2016-02-25 00:00:00,6.71,6.77,6.13,6.13,45732644,293385248
2016-02-24 00:00:00,6.79,6.88,6.81,6.57,41279508,277965056
2016-02-23 00:00:00,7.09,7.16,6.83,6.67,60672484,417437504
2016-02-22 00:00:00,6.97,7.26,7.1,6.85,60931340,429398304
2016-02-19 00:00:00,6.61,7.05,6.91,6.6,59303632,406115808
2016-02-18 00:00:00,6.68,6.94,6.76,6.48,58343592,390635360
2016-02-17 00:00:00,6.39,6.85,6.62,6.33,53713068,353376256
2016-02-16 00:00:00,6.19,6.42,6.39,6.19,29149032,185505888
2016-02-15 00:00:00,6,6.25,6.18,5.97,22559628,138389456
2016-02-05 00:00:00,6.44,6.44,6.25,6.25,27547548,175161760
2016-02-04 00:00:00,6.15,6.68,6.48,6.13,62758668,401231616
2016-02-03 00:00:00,5.76,6.29,6.14,5.69,45951936,275964864
2016-02-02 00:00:00,5.59,5.83,5.8,5.59,26040044,150394624
2016-02-01 00:00:00,5.78,5.82,5.57,5.49,20834140,118339976
2016-01-29 00:00:00,5.64,5.86,5.77,5.44,29021224,165773072
2016-01-28 00:00:00,5.99,6.19,5.64,5.59,42917356,255178544
2016-01-27 00:00:00,5.84,6.18,6.09,5.31,42789276,247380272
2016-01-26 00:00:00,6.2,6.23,5.76,5.68,32334000,193991248
2016-01-25 00:00:00,6.19,6.37,6.31,6.13,29673332,185068224
2016-01-22 00:00:00,5.99,6.24,6.17,5.84,29191992,176579376
2016-01-21 00:00:00,6.09,6.28,5.9,5.89,28712200,175860256
2016-01-20 00:00:00,6.24,6.47,6.27,6.19,42668204,269857856
2016-01-19 00:00:00,5.95,6.22,6.21,5.9,31221596,190132688
2016-01-18 00:00:00,5.69,6.06,5.96,5.62,21632318,128694184
2016-01-15 00:00:00,6.1,6.14,5.87,5.79,26721952,160257168
2016-01-14 00:00:00,5.7,6.19,6.16,5.6,32397596,194129632
2016-01-13 00:00:00,6.25,6.37,5.93,5.84,24765408,153012528
2016-01-12 00:00:00,6.2,6.29,6.23,6.05,24577536,152660560
2016-01-11 00:00:00,6.79,6.88,6.2,6.2,38865612,253384640
2016-01-08 00:00:00,7,7.14,6.89,6.34,37736836,260218512
2016-01-07 00:00:00,7.43,7.43,6.84,6.84,9595164,68575088
2016-01-06 00:00:00,7.49,7.62,7.6,7.35,32065146,241204704
2016-01-05 00:00:00,7.29,7.86,7.46,7.02,42666464,319562944
2016-01-04 00:00:00,8.37,8.44,7.52,7.5,32351488,260692464
2015-12-31 00:00:00,8.47,8.52,8.33,8.27,27670180,232273728
2015-12-30 00:00:00,8.43,8.55,8.48,8.38,28382868,240680064
2015-12-29 00:00:00,8.34,8.49,8.42,8.29,30340374,254310448
2015-12-28 00:00:00,8.81,8.86,8.38,8.37,64858704,561950848
2015-12-25 00:00:00,8.81,8.81,8.74,8.6,49219724,428723808
2015-12-24 00:00:00,8.65,8.93,8.83,8.48,77745320,681154816
2015-12-23 00:00:00,8.9,8.9,8.62,8.61,64947064,568193024
2015-12-22 00:00:00,8.74,9.03,8.91,8.64,82552400,733424192
2015-12-21 00:00:00,8.68,8.79,8.74,8.53,59542704,516598848
2015-12-18 00:00:00,8.47,8.86,8.66,8.4,83545656,717451648
2015-12-17 00:00:00,8.27,8.54,8.48,8.25,62914888,531072000
2015-12-16 00:00:00,8.3,8.37,8.19,8.18,32143912,265773504
2015-12-15 00:00:00,8.2,8.38,8.25,8.15,35538100,294236480
2015-12-14 00:00:00,7.96,8.23,8.2,7.9,31827304,256796208
2015-12-11 00:00:00,8.07,8.14,8.07,8.02,28103024,227240064
2015-12-10 00:00:00,8.22,8.29,8.11,8.08,33758508,276495808
2015-12-09 00:00:00,8.1,8.27,8.22,8.03,34925680,285003520
2015-12-08 00:00:00,8.69,8.69,8.2,8.18,56521752,473432512
2015-12-07 00:00:00,8.78,8.88,8.7,8.55,66792368,582101440
2015-12-04 00:00:00,8.3,8.9,8.71,8.23,94649288,809794368
2015-12-03 00:00:00,8.26,8.5,8.39,8.17,53881940,448774368
2015-12-02 00:00:00,8.29,8.38,8.2,7.89,52368272,428922848
2015-12-01 00:00:00,8.06,8.28,8.2,8.01,48127848,392730880
2015-11-30 00:00:00,8.41,8.49,8.14,7.67,80746696,655547776
2015-11-27 00:00:00,9.18,9.31,8.4,8.4,109017176,968495616
2015-11-26 00:00:00,9.08,9.52,9.32,8.96,158183840,1464624896
2015-11-25 00:00:00,8.81,9.28,9.05,8.75,119495896,1080660224
2015-11-24 00:00:00,8.69,8.75,8.75,8.5,51544884,445081408
2015-11-23 00:00:00,8.88,8.93,8.7,8.65,74542504,659225728
2015-11-20 00:00:00,8.84,8.95,8.86,8.79,88629800,786866496
2015-11-19 00:00:00,8.77,8.8,8.77,8.59,52295584,455708544
2015-11-18 00:00:00,8.86,8.93,8.73,8.66,73404992,646218624
2015-11-17 00:00:00,8.82,9.08,8.81,8.64,111781768,992003840
2015-11-16 00:00:00,8.41,8.75,8.71,8.37,42030412,361562176
2015-11-13 00:00:00,8.72,8.86,8.58,8.52,58181944,504564032
2015-11-12 00:00:00,9.03,9.03,8.75,8.62,85196968,750682560
2015-11-11 00:00:00,8.88,8.96,8.95,8.74,77659680,686113536
2015-11-10 00:00:00,9.19,9.38,8.95,8.81,116875176,1065739136
2015-11-09 00:00:00,8.87,9.16,9.06,8.71,112712184,1012647488
2015-11-06 00:00:00,8.67,9.03,8.97,8.62,107599520,950722752
2015-11-05 00:00:00,8.83,8.86,8.65,8.5,101981056,886229568
2015-11-04 00:00:00,8.42,8.88,8.84,8.42,101907384,883895488
2015-11-03 00:00:00,8.48,8.78,8.42,8.3,88561520,756595840
2015-11-02 00:00:00,8.5,8.94,8.3,8.29,92823176,806739008
2015-10-30 00:00:00,8.84,8.84,8.64,8.5,84978880,739046400
2015-10-29 00:00:00,8.9,9.15,8.89,8.76,112366648,1009005184
2015-10-28 00:00:00,9,9.38,8.77,8.67,150103328,1357050624
2015-10-27 00:00:00,8.96,9.61,9.32,8.86,276584576,2567917824
2015-10-26 00:00:00,8.26,8.97,8.97,8.19,141659904,1234157952
2015-10-23 00:00:00,7.98,8.32,8.16,7.74,93646136,747550336
2015-10-22 00:00:00,7.78,7.95,7.89,7.46,74998160,583336512
2015-10-21 00:00:00,8.49,8.57,7.72,7.72,101996632,832351552
2015-10-20 00:00:00,8.24,8.63,8.58,8.12,94027640,791377728
2015-10-19 00:00:00,8.3,8.4,8.2,8.11,58516444,481527680
2015-10-16 00:00:00,8.27,8.52,8.33,7.97,88532192,728575296
2015-10-15 00:00:00,8.05,8.34,8.27,8.04,73665952,604294016
2015-10-14 00:00:00,8.42,8.64,8.09,8.03,92946624,773908352
2015-10-13 00:00:00,7.99,8.49,8.26,7.92,87412616,721819328
2015-10-12 00:00:00,7.92,8.39,8.17,7.74,123447552,999198976
2015-10-09 00:00:00,7,7.8,7.8,6.97,65714732,490319392
2015-10-08 00:00:00,6.97,7.27,7.09,6.88,57397108,407211840
2015-09-30 00:00:00,6.88,6.91,6.75,6.74,25294752,172607120
2015-09-29 00:00:00,6.75,6.99,6.82,6.71,36141844,247439168
2015-09-28 00:00:00,6.73,7.04,6.93,6.49,48473736,332697824
2015-09-25 00:00:00,6.8,7.07,6.68,6.59,57182068,390215808
2015-09-24 00:00:00,6.73,6.99,6.93,6.66,46189652,315596640
2015-09-23 00:00:00,6.69,6.87,6.67,6.58,42971560,288507904
2015-09-22 00:00:00,7.05,7.11,6.82,6.69,66470456,458953056
2015-09-21 00:00:00,6.61,7.01,6.99,6.58,70205456,481910816
2015-09-18 00:00:00,6.73,6.95,6.81,6.52,80139080,540033600
2015-09-17 00:00:00,6.98,7.22,6.69,6.67,133904824,928738560
2015-09-16 00:00:00,6.37,6.99,6.99,6.1,146559088,963853632
2015-09-15 00:00:00,5.94,6.35,6.35,5.93,83584160,524423296
2015-09-14 00:00:00,6.33,6.44,5.77,5.72,55797748,337086016
2015-09-11 00:00:00,6.26,6.44,6.34,6.18,25456864,160900608
2015-09-10 00:00:00,6.23,6.48,6.27,6.21,27575896,175775344
2015-09-09 00:00:00,6.27,6.59,6.45,6.17,46430440,297324512
2015-09-08 00:00:00,5.82,6.24,6.19,5.7,38600124,230374736
2015-09-07 00:00:00,5.79,5.97,5.76,5.69,29471904,172412128
2015-09-02 00:00:00,5.44,6.14,5.56,5.26,40158300,231717280
2015-09-01 00:00:00,6.35,6.39,5.76,5.76,43301160,262218128
2015-08-31 00:00:00,6.87,6.87,6.35,6.34,48257212,316644384
2015-08-28 00:00:00,6.39,6.88,6.87,6.33,62927452,414769440
2015-08-27 00:00:00,6.14,6.3,6.3,5.6,52699148,321626816
2015-08-26 00:00:00,6.72,6.9,5.98,5.98,64657480,414570816
2015-08-25 00:00:00,6.65,6.85,6.65,6.65,37666288,251888176
2015-08-24 00:00:00,7.66,7.89,7.39,7.39,40126384,300145984
2015-08-21 00:00:00,8.74,9.08,8.21,8.19,69611936,599462336
2015-08-20 00:00:00,8.88,9.63,9.04,8.69,90504312,835609920
2015-08-19 00:00:00,8.29,9.15,9.03,8,80416832,689987072
2015-08-18 00:00:00,10.04,10.13,8.87,8.87,103580768,972349632
2015-08-17 00:00:00,9.78,10.01,9.86,9.45,102724456,1003940672
2015-08-14 00:00:00,9.41,9.67,9.48,9.28,83460456,790007232
2015-08-13 00:00:00,8.93,9.37,9.36,8.88,56493240,515072160
2015-08-12 00:00:00,9.17,9.43,8.98,8.97,60017196,552617152
2015-08-11 00:00:00,9.55,9.55,9.33,9.21,92697344,872649600
2015-08-10 00:00:00,9.16,9.68,9.55,9.16,94519848,891049408
2015-08-07 00:00:00,8.59,9.04,8.99,8.49,94330976,835596608
2015-08-06 00:00:00,8.19,8.57,8.47,8.08,52563040,439951776
2015-08-05 00:00:00,8.38,8.53,8.33,8.12,63915216,533869536
2015-08-04 00:00:00,7.89,8.41,8.41,7.74,60330524,488043712
2015-08-03 00:00:00,8,8.34,7.73,7.6,57643424,454573376
2015-07-31 00:00:00,8.55,8.83,8.45,8.11,52953760,455300416
2015-07-30 00:00:00,9.09,9.35,8.73,8.58,77003296,702460224
2015-07-29 00:00:00,8.79,9.2,9.2,8.18,77597432,674562432
2015-07-28 00:00:00,7.98,9.09,8.53,7.85,100021792,839172288
2015-07-27 00:00:00,9.43,10.02,8.72,8.72,104813696,993555648
2015-07-24 00:00:00,9.98,10.13,9.68,9.58,129670176,1287282304
2015-07-23 00:00:00,9.48,10.52,10.2,9.36,186977920,1864733568
2015-07-22 00:00:00,8.79,9.62,9.62,8.78,154879248,1433083520
2015-07-21 00:00:00,8.47,9.31,8.75,8.31,116093328,1027557376
2015-07-20 00:00:00,8.64,8.95,8.62,8.38,96544560,837187008
2015-07-17 00:00:00,8.07,8.74,8.59,8,81890768,691008000
2015-07-16 00:00:00,7.17,8.38,8.07,7.09,98655376,772573824
2015-07-15 00:00:00,8.31,8.55,7.88,7.88,80810960,655112256
2015-07-14 00:00:00,8.47,8.77,8.76,8,170019584,1462621568
2015-07-13 00:00:00,7.97,7.97,7.97,7.79,70893328,564864832
2015-07-10 00:00:00,7.24,7.24,7.24,6.98,22192024,160054352
2015-07-09 00:00:00,5.94,6.58,6.58,5.94,67084664,431697760
2015-07-08 00:00:00,5.54,6.77,5.98,5.54,230496736,1362760064
2015-07-07 00:00:00,6.39,6.44,6.16,6.16,34495900,214414048
2015-07-06 00:00:00,8.27,8.27,6.84,6.78,95369752,691787200
2015-07-03 00:00:00,7.6,8.39,7.53,7.53,65241900,503501664
2015-07-02 00:00:00,9.06,9.27,8.37,8.37,57442564,498758912
2015-07-01 00:00:00,10.19,10.46,9.29,9.29,68017104,680655744
2015-06-30 00:00:00,9.48,10.38,10.32,8.91,79502520,765289024
2015-06-29 00:00:00,11.24,11.28,9.9,9.9,67578608,691704768
2015-06-26 00:00:00,11.76,11.76,11,11,48851096,548573568
2015-06-25 00:00:00,12.61,12.96,12.22,11.92,64266444,817167040
2015-06-24 00:00:00,12.48,12.64,12.47,11.98,51452200,640329792
2015-06-23 00:00:00,12.82,12.97,12.3,11.61,59238596,721775296
2015-06-19 00:00:00,13.88,14.09,12.9,12.9,53179632,713398592
2015-06-18 00:00:00,15.42,15.46,14.33,14.18,58087684,868920448
2015-06-17 00:00:00,15.72,15.88,15.35,14.76,79010224,1208821504
2015-06-16 00:00:00,15.46,15.97,15.77,14.96,93555496,1447056384
2015-06-15 00:00:00,16.16,16.16,15.74,15.46,76206240,1204782208
2015-06-12 00:00:00,15.77,16.2,16.08,15.26,124460704,1961437440
2015-06-11 00:00:00,15.8,16.16,15.76,15.6,90029840,1428537984
2015-06-10 00:00:00,14.98,15.53,15.36,14.77,72603648,1112881664
2015-06-09 00:00:00,15.82,15.94,15.25,15.01,85077584,1307055872
2015-06-08 00:00:00,16.96,17.16,15.8,15.59,132610456,2144083328
2015-06-05 00:00:00,16.37,16.45,16.45,15.79,73329200,1203497344
2015-06-04 00:00:00,15.16,15.55,14.96,13.67,72186808,1076856064
2015-06-03 00:00:00,15.26,15.81,15.11,14.81,85930216,1317693184
2015-06-02 00:00:00,14.77,15.24,15.21,14.48,78114976,1170567296
2015-06-01 00:00:00,14.2,14.82,14.63,14.2,77543832,1124387200
2015-05-29 00:00:00,14.43,14.86,14.05,13.4,109562512,1558345856
2015-05-28 00:00:00,16.55,16.74,14.89,14.89,133098792,2107449088
2015-05-27 00:00:00,15.6,16.79,16.54,15.6,153980128,2494491648
2015-05-26 00:00:00,15.28,15.62,15.37,15.23,109359640,1690039168
2015-05-25 00:00:00,15.21,15.54,15.22,14.99,117861848,1793493248
2015-05-22 00:00:00,15.96,16.08,15.62,15.11,144742720,2250602240
2015-05-21 00:00:00,16.04,16.54,16.14,15.66,94603240,1524297856
2015-05-20 00:00:00,15.41,16.5,16.01,15.31,102587704,1621063040
2015-05-19 00:00:00,15.15,15.73,15.66,14.76,98740176,1507462272
2015-05-18 00:00:00,15.46,16.03,15.16,15.16,125501320,1957165312
2015-05-15 00:00:00,14.82,16.34,16.03,14.3,135122992,2060799232
2015-05-14 00:00:00,14.26,15.58,14.96,14.03,141633552,2086828928
2015-05-13 00:00:00,13.47,14.36,14.17,13.29,132019520,1838905344
2015-05-12 00:00:00,13.26,13.77,13.72,12.53,141580000,1863637120
2015-05-11 00:00:00,13.18,14.17,13.13,13.13,127896504,1734133632
2015-05-08 00:00:00,12.17,13.15,13.07,12.16,110048960,1404565504
2015-05-07 00:00:00,12.17,12.36,11.97,11.86,44865464,544430400
2015-05-06 00:00:00,11.84,12.35,12.14,11.73,83046520,1008207808
2015-05-05 00:00:00,11.74,12.12,11.85,11.55,65079432,774268864
2015-05-04 00:00:00,12.17,12.17,11.77,11.77,83125920,991091456
2015-04-30 00:00:00,12.45,12.74,12.45,12.06,106837848,1314610688
2015-04-29 00:00:00,12.25,12.84,12.75,11.89,76500480,962243392
2015-04-28 00:00:00,12.75,12.75,12.27,12.13,58766940,727288640
2015-04-27 00:00:00,12.84,12.85,12.82,12.28,109833288,1384108416
2015-04-24 00:00:00,12.7,12.94,12.87,12.09,126735768,1587185024
2015-04-23 00:00:00,12.29,12.92,12.7,11.98,129686272,1618309632
2015-04-22 00:00:00,11.27,12.13,12.13,11.05,108694080,1263731072
2015-04-21 00:00:00,10.41,11.12,11.02,10.4,65378080,708921216
2015-04-20 00:00:00,10.61,10.77,10.38,10.33,62473384,659850880
2015-04-17 00:00:00,10.58,10.95,10.77,10.55,58959680,633016896
2015-04-16 00:00:00,10.38,10.87,10.56,9.99,48329464,506757536
2015-04-15 00:00:00,11.72,11.77,10.58,10.5,71840416,794252928
2015-04-14 00:00:00,11.47,11.69,11.33,11.1,88066768,1000528000
2015-04-13 00:00:00,11.22,11.8,11.39,11.04,110684808,1259680384
2015-04-10 00:00:00,10.21,11.23,11.23,10.08,77886632,839062976
2015-04-09 00:00:00,10.77,10.92,10.22,10.04,64633944,669033856
2015-04-08 00:00:00,11.12,11.17,10.87,10.58,65843464,714182272
2015-04-07 00:00:00,11.01,11.17,11.03,10.85,60823712,669267072
2015-04-03 00:00:00,11.2,11.25,11.03,10.9,66788768,738808256
2015-04-02 00:00:00,11.1,11.29,11.13,10.88,112490632,1247331456
2015-04-01 00:00:00,10.1,11.1,11.1,10.09,132055880,1413122432
2015-03-31 00:00:00,10.18,10.24,10.1,9.94,64646480,654580288
2015-03-30 00:00:00,10.08,10.39,10.2,9.97,87848864,896087232
2015-03-27 00:00:00,9.9,10.19,10.06,9.78,71611848,719618240
2015-03-26 00:00:00,10.18,10.18,9.98,9.63,68800248,684507136
2015-03-25 00:00:00,10.15,10.32,10.13,9.96,103298680,1048455808
2015-03-24 00:00:00,10.01,10.51,10.18,9.44,104291184,1033226048
2015-03-23 00:00:00,9.98,10.24,10.01,9.8,83739968,834761216
2015-03-20 00:00:00,9.91,10.02,9.91,9.68,102522296,1013246208
2015-03-19 00:00:00,9.08,9.98,9.98,8.97,120615704,1151823872
2015-03-18 00:00:00,8.93,9.09,9.07,8.88,66989296,602380352
2015-03-17 00:00:00,8.79,9,8.97,8.73,66874024,595739520
2015-03-16 00:00:00,8.48,8.83,8.78,8.36,70251976,609295744
2015-03-13 00:00:00,8.63,8.69,8.48,8.34,47037464,397998080
2015-03-12 00:00:00,8.66,8.78,8.65,8.46,34774880,300408384
2015-03-11 00:00:00,8.58,8.73,8.67,8.42,38489184,330460640
2015-03-10 00:00:00,8.08,8.73,8.61,7.97,63178020,533171936
2015-03-09 00:00:00,7.98,8.15,8.07,7.84,30852860,246981344
2015-03-06 00:00:00,8.31,8.44,8.04,8.03,35882416,293862176
2015-03-05 00:00:00,8.25,8.39,8.37,8.1,67862696,559651136
2015-03-04 00:00:00,7.81,8.23,8.23,7.73,100571400,805475904
2015-03-03 00:00:00,7.67,7.78,7.76,7.56,53074164,409231648
2015-03-02 00:00:00,7.64,7.71,7.67,7.46,45543156,346613664
2015-02-27 00:00:00,7.65,7.66,7.6,7.53,56615744,431107520
2015-02-26 00:00:00,7.46,7.7,7.62,7.32,67065832,505484768
2015-02-25 00:00:00,7.52,7.56,7.48,7.38,31937300,239231696
2015-02-17 00:00:00,7.66,7.69,7.53,7.45,48414444,365748288
2015-02-16 00:00:00,7.13,7.56,7.53,7.08,78306816,578807168
2015-02-13 00:00:00,7.12,7.21,7.14,7.01,32552068,232328096
2015-02-12 00:00:00,6.79,7.12,7.07,6.79,34939964,244665568
2015-02-11 00:00:00,6.76,6.88,6.85,6.67,23409270,158887504
2015-02-10 00:00:00,6.63,6.86,6.83,6.58,23215808,156036128
2015-02-09 00:00:00,6.4,6.75,6.72,6.39,23122158,152212960
2015-02-06 00:00:00,6.58,6.78,6.44,6.37,30143892,198970480
2015-02-05 00:00:00,6.84,6.87,6.6,6.59,23600316,158861136
2015-02-04 00:00:00,6.95,6.96,6.7,6.66,29305074,198876384
2015-02-03 00:00:00,6.76,6.91,6.91,6.66,29570108,200662512
2015-02-02 00:00:00,7.28,7.33,6.75,6.68,66657368,463223264
2015-01-30 00:00:00,7.31,7.55,7.22,7.16,54269156,398640096
2015-01-29 00:00:00,7.13,7.29,7.22,7.05,31922526,229886832
2015-01-28 00:00:00,7.35,7.47,7.22,7.12,48519752,351810912
2015-01-27 00:00:00,7.24,7.54,7.38,7.2,71964336,530091680
2015-01-26 00:00:00,6.9,7.36,7.12,6.83,43681456,313941504
2015-01-23 00:00:00,6.97,7.01,6.91,6.78,35317868,244140880
2015-01-22 00:00:00,6.67,7.06,7,6.63,77336392,532712512
2015-01-21 00:00:00,6.51,6.66,6.59,6.39,64294376,421909056
2015-01-20 00:00:00,6.12,6.45,6.34,6.12,29276016,185047600
2015-01-19 00:00:00,6.33,6.45,6.06,6,32626696,204612416
2015-01-16 00:00:00,6.39,6.48,6.47,6.34,38648576,248351920
2015-01-15 00:00:00,6.3,6.4,6.33,6.29,18990292,120653152
2015-01-14 00:00:00,6.4,6.47,6.3,6.29,18600500,118703584
2015-01-13 00:00:00,6.45,6.47,6.47,6.28,31247576,199164432
2015-01-12 00:00:00,6.29,6.53,6.45,6.21,33829412,217420832
2015-01-09 00:00:00,6.34,6.45,6.29,6.29,22778834,145461424
2015-01-08 00:00:00,6.51,6.52,6.32,6.29,38774992,248512512
2015-01-07 00:00:00,6.37,6.62,6.49,6.17,66294288,426667104
2015-01-06 00:00:00,6.07,6.26,6.17,5.94,26457424,161500048
2015-01-05 00:00:00,6.04,6.17,6.11,5.83,27094060,162631056
2014-12-31 00:00:00,5.9,6.03,6,5.88,24757988,147568416
2014-12-30 00:00:00,6.27,6.33,5.92,5.81,44594560,269170688
2014-12-29 00:00:00,6.74,6.74,6.27,6.24,50851740,326414976
2014-12-26 00:00:00,6.82,6.85,6.78,6.7,23848090,161539392
2014-12-25 00:00:00,6.79,6.93,6.82,6.68,24360572,166359616
2014-12-24 00:00:00,7,7.11,6.79,6.62,25266424,171741568
2014-12-23 00:00:00,6.79,6.91,6.72,6.63,23510582,158874928
2014-12-22 00:00:00,7.29,7.3,6.94,6.69,38656796,271182144
2014-12-19 00:00:00,7.05,7.33,7.21,6.83,49734440,354415936
2014-12-18 00:00:00,6.83,7.14,7.08,6.66,32465268,226918496
2014-12-17 00:00:00,7.09,7.1,6.77,6.58,30277174,208379728
2014-12-16 00:00:00,7.22,7.26,7.07,7.01,23468300,167431008
2014-12-15 00:00:00,7.07,7.27,7.22,6.9,31443898,225050688
2014-12-12 00:00:00,7.05,7.25,7.04,6.87,36384560,257180752
2014-12-11 00:00:00,6.73,7.01,7,6.66,40470696,278930336
2014-12-10 00:00:00,6.45,6.81,6.66,6.29,40883396,268455744
2014-12-09 00:00:00,7.23,7.23,6.53,6.51,90558568,615291072
2014-12-08 00:00:00,7.33,7.46,7.24,7.14,40267960,292565280
2014-12-05 00:00:00,7.74,7.74,7.33,7.13,35267720,260796688
2014-12-04 00:00:00,7.64,7.99,7.67,7.49,34846800,271297888
2014-12-03 00:00:00,7.38,7.58,7.56,7.27,41701656,310946080
2014-12-02 00:00:00,7.37,7.39,7.31,7.25,17537248,128785392
2014-12-01 00:00:00,7.45,7.45,7.36,7.08,28521798,207287680
2014-11-28 00:00:00,7.63,7.67,7.35,7.19,30529782,226497216
2014-11-27 00:00:00,7.4,7.68,7.55,7.29,52452892,394902880
2014-11-26 00:00:00,7.24,7.51,7.33,7.18,49688696,367512224
2014-11-25 00:00:00,6.96,7.25,7.18,6.84,42839212,305004320
2014-11-24 00:00:00,6.9,7.07,6.9,6.83,32660616,226497024
2014-11-21 00:00:00,6.89,7.2,6.85,6.81,37845732,264601136
2014-11-20 00:00:00,6.96,6.96,6.77,6.74,18361112,125872888
2014-11-19 00:00:00,7.12,7.12,6.98,6.83,20111720,140284576
2014-11-18 00:00:00,7.16,7.21,7.07,6.96,15974838,113053952
2014-11-17 00:00:00,6.83,7.17,7.08,6.71,25747064,181499088
2014-11-14 00:00:00,6.86,6.98,6.79,6.7,21799556,149618224
2014-11-13 00:00:00,6.93,7.18,6.94,6.82,46789568,330082176
2014-11-12 00:00:00,6.44,6.93,6.84,6.36,51308312,347270176
2014-11-11 00:00:00,6.36,6.64,6.45,6.31,36094816,234338480
2014-11-10 00:00:00,6.33,6.47,6.36,6.28,14460609,91982488
2014-11-07 00:00:00,6.57,6.57,6.34,6.32,19359980,124658856
2014-11-06 00:00:00,6.58,6.6,6.49,6.44,19072668,124274792
2014-11-05 00:00:00,6.74,6.84,6.62,6.58,22749444,152384784
2014-11-04 00:00:00,6.5,6.66,6.62,6.45,34610484,228588272
2014-11-03 00:00:00,6.4,6.64,6.48,6.4,19621110,128112360
2014-10-31 00:00:00,6.67,6.67,6.45,6.39,33188572,215257952
2014-10-30 00:00:00,6.32,6.9,6.59,6.27,54212044,359503872
2014-10-29 00:00:00,6.27,6.34,6.28,6.22,31942384,201088640
2014-10-28 00:00:00,6.14,6.3,6.27,6.11,32804244,205230672
2014-10-27 00:00:00,6.04,6.17,6.14,5.79,26784554,160390928
2014-10-24 00:00:00,6.16,6.19,6.08,6.05,13390435,81920880
2014-10-23 00:00:00,6.38,6.38,6.16,6.03,29850056,185050352
2014-10-22 00:00:00,6.15,6.4,6.25,6.06,44673416,278842912
2014-10-21 00:00:00,6.12,6.28,6.13,6.08,21649694,133688456
2014-10-20 00:00:00,6.01,6.2,6.12,5.94,24141682,148146608
2014-10-17 00:00:00,6.01,6.1,5.94,5.8,24409326,146088400
2014-10-16 00:00:00,6.03,6.15,6.05,6,18098540,110496232
2014-10-15 00:00:00,6.17,6.24,6.08,6.03,26768680,163505296
2014-10-14 00:00:00,6.19,6.27,6.16,6.09,18542852,114658864
2014-10-13 00:00:00,6.18,6.21,6.18,6.07,19319440,118651912
2014-10-10 00:00:00,6.24,6.32,6.2,6.14,30523470,189829136
2014-10-09 00:00:00,6.39,6.45,6.29,6.2,58356392,369910624
2014-10-08 00:00:00,6.16,6.48,6.48,6,73278328,456915424
2014-09-30 00:00:00,6.32,6.4,6.1,5.92,51190216,315241664
2014-09-29 00:00:00,6.18,6.27,6.19,6.06,52043952,320899712
2014-09-26 00:00:00,6.3,6.31,6.13,6.1,47864004,297642688
2014-09-25 00:00:00,5.97,6.45,6.27,5.93,114332688,709723712
2014-09-24 00:00:00,6.39,6.5,6.31,6.18,177695008,1136274176
2014-09-23 00:00:00,5.54,5.92,5.92,5.54,36276160,213822912
2014-09-22 00:00:00,5.26,5.52,5.38,5.25,40731072,220572704
2014-09-19 00:00:00,5.24,5.34,5.25,5.17,19626756,103168336
2014-09-18 00:00:00,5.13,5.48,5.26,5.13,52029148,275959488
2014-09-17 00:00:00,5.04,5.13,5.1,4.97,19788364,100259776
2014-09-16 00:00:00,5.16,5.32,5.04,5.02,40931056,211807152
2014-09-15 00:00:00,5.1,5.21,5.19,5.05,29932248,153898560
2014-09-12 00:00:00,4.96,5.09,5.08,4.92,27334056,137476656
2014-09-11 00:00:00,4.85,5.11,4.97,4.85,40361040,202860208
2014-09-10 00:00:00,4.84,4.91,4.88,4.79,22545652,109402048
2014-09-09 00:00:00,4.87,4.91,4.86,4.82,18426026,89799976
2014-09-05 00:00:00,4.81,4.9,4.86,4.79,28846912,140102976
2014-09-04 00:00:00,4.76,4.86,4.81,4.69,17221456,82828216
2014-09-03 00:00:00,4.75,4.8,4.77,4.73,8616894,41181652
2014-09-02 00:00:00,4.73,4.76,4.76,4.69,11809176,55939884
2014-09-01 00:00:00,4.6,4.72,4.7,4.6,10553033,49303300
2014-08-29 00:00:00,4.55,4.6,4.59,4.52,5982004,27353336
2014-08-28 00:00:00,4.66,4.67,4.55,4.52,11224297,51503796
2014-08-27 00:00:00,4.61,4.67,4.65,4.6,7183845,33376360
2014-08-26 00:00:00,4.78,4.83,4.62,4.59,16342880,76932984
2014-08-25 00:00:00,4.81,4.9,4.79,4.79,12036176,58306420
2014-08-22 00:00:00,4.88,4.88,4.82,4.79,9604833,46408812
2014-08-21 00:00:00,4.79,4.92,4.84,4.79,16460970,79899616
2014-08-20 00:00:00,4.78,4.92,4.81,4.74,24557852,119429720
2014-08-19 00:00:00,4.76,4.82,4.79,4.72,21697682,103739320
2014-08-18 00:00:00,4.64,4.76,4.75,4.62,19793324,93243304
2014-08-15 00:00:00,4.62,4.65,4.64,4.61,15185955,70454520
2014-08-14 00:00:00,4.66,4.69,4.62,4.62,12885294,60012688
2014-08-13 00:00:00,4.72,4.74,4.67,4.64,16434405,76972776
2014-08-12 00:00:00,4.69,4.75,4.73,4.67,11929562,56359804
2014-08-11 00:00:00,4.65,4.72,4.69,4.64,13259311,62206900
2014-08-08 00:00:00,4.66,4.69,4.65,4.62,9101446,42443400
2014-08-07 00:00:00,4.71,4.82,4.66,4.65,19638660,93284920
2014-08-06 00:00:00,4.72,4.76,4.73,4.61,22144528,103784320
2014-08-05 00:00:00,4.83,4.83,4.73,4.67,26922956,128025408
2014-08-04 00:00:00,4.63,4.81,4.74,4.63,23207468,110203256
2014-08-01 00:00:00,4.59,4.73,4.63,4.57,32560322,152175552
2014-07-31 00:00:00,4.55,4.62,4.6,4.55,14772102,67992112
2014-07-30 00:00:00,4.55,4.73,4.58,4.54,20760312,96171144
2014-07-29 00:00:00,4.54,4.62,4.58,4.54,25558670,117135704
2014-07-28 00:00:00,4.41,4.69,4.62,4.39,47349032,214808256
2014-07-25 00:00:00,4.35,4.39,4.38,4.34,11575608,50617924
2014-07-24 00:00:00,4.32,4.36,4.35,4.31,11557783,50181244
2014-07-23 00:00:00,4.32,4.36,4.32,4.3,7057759,30605392
2014-07-22 00:00:00,4.26,4.33,4.32,4.25,6728465,29014518
2014-07-21 00:00:00,4.33,4.34,4.27,4.27,6232580,26817868
2014-07-18 00:00:00,4.35,4.37,4.33,4.33,7348581,32015846
2014-07-17 00:00:00,4.39,4.4,4.36,4.34,7202103,31457040
2014-07-16 00:00:00,4.37,4.42,4.39,4.36,7392302,32500894
2014-07-15 00:00:00,4.37,4.38,4.38,4.34,7954439,34732828
2014-07-14 00:00:00,4.34,4.4,4.39,4.33,10058725,43943716
2014-07-11 00:00:00,4.34,4.37,4.34,4.31,6792674,29546644
2014-07-10 00:00:00,4.3,4.34,4.33,4.28,5399047,23400978
2014-07-09 00:00:00,4.4,4.48,4.29,4.29,11060810,48546528
2014-07-08 00:00:00,4.38,4.4,4.4,4.34,4664943,20499048
2014-07-07 00:00:00,4.42,4.43,4.38,4.36,6427965,28300250
2014-07-04 00:00:00,4.44,4.48,4.42,4.4,6336142,28218434
2014-07-03 00:00:00,4.36,4.52,4.42,4.34,16606373,73943512
2014-07-02 00:00:00,4.36,4.37,4.36,4.31,10381734,45363524
2014-07-01 00:00:00,4.3,4.36,4.35,4.29,12994000,56572640
2014-06-30 00:00:00,4.28,4.31,4.3,4.27,10302714,44411172
2014-06-27 00:00:00,4.28,4.29,4.28,4.25,5740498,24622732
2014-06-26 00:00:00,4.29,4.3,4.28,4.26,5637796,24250414
2014-06-25 00:00:00,4.26,4.29,4.29,4.23,5854234,25079608
2014-06-24 00:00:00,4.26,4.29,4.26,4.24,6683949,28597588
2014-06-23 00:00:00,4.24,4.38,4.27,4.22,9918427,42722620
2014-06-20 00:00:00,4.2,4.25,4.24,4.2,2800783,11872981
2014-06-19 00:00:00,4.26,4.28,4.21,4.19,7930898,33708700
2014-06-18 00:00:00,4.25,4.26,4.23,4.22,4187721,17827912
2014-06-17 00:00:00,4.24,4.28,4.25,4.2,6842652,29196200
2014-06-16 00:00:00,4.24,4.25,4.24,4.21,4585244,19489752
2014-06-13 00:00:00,4.21,4.25,4.24,4.2,4816455,20447940
2014-06-12 00:00:00,4.23,4.24,4.22,4.21,3175134,13477545
2014-06-11 00:00:00,4.23,4.26,4.24,4.21,5365935,22818342
2014-06-10 00:00:00,4.23,4.24,4.23,4.21,6088259,25848424
2014-06-09 00:00:00,4.23,4.25,4.21,4.21,3056488,12989018
2014-06-06 00:00:00,4.26,4.28,4.23,4.21,3024216,12891251
2014-06-05 00:00:00,4.19,4.37,4.25,4.18,6718326,28841464
2014-06-04 00:00:00,4.23,4.23,4.21,4.18,3217249,13557408
2014-06-03 00:00:00,4.24,4.26,4.22,4.21,2817892,11971115
2014-05-30 00:00:00,4.25,4.25,4.23,4.19,4337106,18415738
2014-05-29 00:00:00,4.26,4.27,4.23,4.18,8993177,38174304
2014-05-28 00:00:00,4.23,4.28,4.27,4.23,5821385,24885314
2014-05-27 00:00:00,4.31,4.31,4.24,4.23,3719961,15915253
2014-05-26 00:00:00,4.27,4.34,4.3,4.26,6924865,29885180
2014-05-23 00:00:00,4.25,4.29,4.28,4.2,4682499,19967170
2014-05-22 00:00:00,4.25,4.28,4.25,4.19,4503737,19198558
2014-05-21 00:00:00,4.23,4.25,4.25,4.16,2773047,11742877
2014-05-20 00:00:00,4.27,4.31,4.23,4.2,3522192,15064545
2014-05-19 00:00:00,4.24,4.28,4.28,4.17,3963497,16783178
2014-05-16 00:00:00,4.2,4.29,4.27,4.19,3036910,12942524
2014-05-15 00:00:00,4.25,4.28,4.23,4.17,5669918,23980588
2014-05-14 00:00:00,4.33,4.35,4.26,4.26,6264801,27003954
2014-05-13 00:00:00,4.39,4.42,4.35,4.31,7415523,32373326
2014-05-12 00:00:00,4.28,4.43,4.4,4.2,11987218,52123012
2014-05-09 00:00:00,4.24,4.27,4.26,4.06,9461797,39625464
2014-05-08 00:00:00,4.24,4.3,4.25,4.23,5313246,22766770
2014-05-07 00:00:00,4.32,4.33,4.23,4.22,5708746,24381526
2014-05-06 00:00:00,4.38,4.41,4.32,4.3,6975989,30515720
2014-05-05 00:00:00,4.29,4.38,4.36,4.24,7677981,33247846
2014-04-30 00:00:00,4.28,4.3,4.23,4.2,10745259,45834356
2014-04-29 00:00:00,4.19,4.31,4.31,4.17,11892701,50768884
2014-04-28 00:00:00,4.58,4.65,4.18,4.14,24025620,105255456
2014-04-25 00:00:00,4.83,4.85,4.6,4.59,10526366,50170732
2014-04-24 00:00:00,4.89,4.94,4.85,4.84,11769430,57708864
2014-04-23 00:00:00,4.89,5,4.94,4.78,24462998,120132712
2014-04-22 00:00:00,4.73,4.92,4.89,4.72,28491304,138561056
2014-04-21 00:00:00,4.73,4.81,4.74,4.68,14698675,69937856
2014-04-18 00:00:00,4.72,4.73,4.73,4.63,6550041,30808364
2014-04-17 00:00:00,4.75,4.76,4.68,4.67,9216008,43564920
2014-04-16 00:00:00,4.73,4.79,4.78,4.67,15973998,76130160
2014-04-15 00:00:00,4.62,4.74,4.69,4.62,15534727,73309448
2014-04-14 00:00:00,4.64,4.66,4.63,4.59,5033349,23346914
2014-04-11 00:00:00,4.63,4.69,4.64,4.61,4068387,18986986
2014-04-10 00:00:00,4.66,4.68,4.64,4.6,10241114,47721628
2014-04-09 00:00:00,4.68,4.82,4.66,4.64,26044648,124057560
2014-04-08 00:00:00,4.58,4.65,4.61,4.52,6085631,28096910
2014-04-04 00:00:00,4.47,4.61,4.58,4.46,8654755,39649344
2014-04-03 00:00:00,4.45,4.52,4.47,4.45,7328144,33024602
2014-04-02 00:00:00,4.43,4.49,4.49,4.39,14579578,64959916
2014-04-01 00:00:00,4.39,4.44,4.43,4.36,7151048,31557116
2014-03-31 00:00:00,4.48,4.54,4.37,4.36,8891052,39575392
2014-03-28 00:00:00,4.58,4.65,4.49,4.48,11937542,54662896
2014-03-27 00:00:00,4.58,4.72,4.59,4.58,7977555,37316532
2014-03-26 00:00:00,4.57,4.64,4.62,4.54,6378599,29349316
2014-03-25 00:00:00,4.72,4.72,4.58,4.55,18412336,85695504
2014-03-24 00:00:00,4.68,4.82,4.72,4.65,16848400,80106512
2014-03-21 00:00:00,4.53,4.72,4.69,4.48,15181158,70799208
2014-03-20 00:00:00,4.62,4.7,4.53,4.53,8720469,40451136
2014-03-19 00:00:00,4.75,4.78,4.65,4.57,19709670,92634008
2014-03-18 00:00:00,4.75,4.81,4.74,4.69,25217206,120181912
2014-03-17 00:00:00,4.49,4.78,4.78,4.44,41577240,194907200
2014-03-14 00:00:00,4.44,4.53,4.42,4.35,8961744,39747332
2014-03-13 00:00:00,4.46,4.53,4.49,4.43,12559747,56507608
2014-03-12 00:00:00,4.44,4.51,4.46,4.26,11429898,50850432
2014-03-11 00:00:00,4.36,4.6,4.47,4.31,12459513,55172844
2014-03-10 00:00:00,4.58,4.58,4.34,4.3,13300217,59344104
2014-03-07 00:00:00,4.55,4.67,4.55,4.52,9957601,45812176
2014-03-06 00:00:00,4.63,4.69,4.6,4.51,15783582,72565656
2014-03-05 00:00:00,4.48,4.78,4.63,4.46,28419072,133068752
2014-03-04 00:00:00,4.21,4.6,4.47,4.2,23388040,105015232
2014-03-03 00:00:00,4.15,4.24,4.23,4.13,7569108,32014540
2014-02-28 00:00:00,4.15,4.17,4.16,4.05,7875802,32516220
2014-02-27 00:00:00,4.28,4.31,4.15,4.13,12397491,52610368
2014-02-26 00:00:00,4.35,4.37,4.27,4.19,10120886,43409124
2014-02-25 00:00:00,4.58,4.61,4.37,4.34,11484114,51708000
2014-02-24 00:00:00,4.54,4.67,4.59,4.5,15584056,71950840
2014-02-21 00:00:00,4.49,4.65,4.57,4.48,14358871,65782256
2014-02-20 00:00:00,4.48,4.53,4.53,4.41,14740083,66233192
2014-02-19 00:00:00,4.51,4.51,4.48,4.42,8977603,40244776
2014-02-18 00:00:00,4.48,4.53,4.5,4.45,8672304,39086760
2014-02-17 00:00:00,4.52,4.52,4.46,4.42,11524217,51572812
2014-02-14 00:00:00,4.45,4.52,4.48,4.42,7863688,35386408
2014-02-13 00:00:00,4.48,4.52,4.43,4.42,9404774,42092892
2014-02-12 00:00:00,4.34,4.53,4.48,4.31,15179376,67856688
2014-02-11 00:00:00,4.3,4.38,4.35,4.27,13300438,57730256
2014-02-10 00:00:00,4.18,4.32,4.31,4.16,15423973,65816852
2014-02-07 00:00:00,4.16,4.2,4.17,4.13,6769916,28318860
2014-01-30 00:00:00,4.24,4.24,4.18,4.17,3880296,16342428
2014-01-29 00:00:00,4.18,4.3,4.25,4.16,6535097,27800636
2014-01-28 00:00:00,4.13,4.19,4.18,4.13,3244791,13594567
2014-01-27 00:00:00,4.19,4.21,4.14,4.13,5740232,23991320
2014-01-24 00:00:00,4.16,4.26,4.21,4.16,6566277,27802766
2014-01-23 00:00:00,4.13,4.26,4.18,4.13,9410046,39594076
2014-01-22 00:00:00,4,4.19,4.13,3.99,12755590,52565756
2014-01-21 00:00:00,4.01,4.04,4,3.96,8457469,33982552
2014-01-20 00:00:00,4.11,4.13,3.98,3.97,8586822,34868836
2014-01-17 00:00:00,4.17,4.17,4.08,4.01,6600155,27022650
2014-01-16 00:00:00,4.16,4.21,4.18,4.13,3460052,14519201
2014-01-15 00:00:00,4.14,4.17,4.16,4.1,4413296,18308364
2014-01-14 00:00:00,4.05,4.13,4.13,3.98,6770059,27587094
2014-01-13 00:00:00,4.17,4.29,4.03,4.01,9137969,38174168
2014-01-10 00:00:00,4.11,4.24,4.19,4.06,8440143,35274692
2014-01-09 00:00:00,4.06,4.3,4.15,4.04,6483034,26961028
2014-01-08 00:00:00,4.08,4.12,4.06,4.01,5405181,22074220
2014-01-07 00:00:00,4.16,4.18,4.08,4.07,6942401,28777568
2014-01-06 00:00:00,4.35,4.36,4.17,4.16,6154908,25991140
2014-01-03 00:00:00,4.42,4.42,4.36,4.34,4574850,20059636
2014-01-02 00:00:00,4.36,4.43,4.43,4.36,9496264,41935124
